Nom de la campagne,Visuel terrain de la campagne en exposition,Date de d√©but,Date de fin,Statut de la campagne,Support ID,Emplacement,Date de mise √† jour,Date Created,Date Modified,Record ID#,Record Owner,Last Modified By
Refonte r√©seau Laurentides,HC-70922-de la Rivi√®re Nord-Arthur-Sauv√©.jpg,09-22-2025,11-25-2025,Inactif,HC-70922,De la Rivi√®re Nord/Arthur-Sauv√©,10-29-2025,10-29-2025 12:50 PM,12-10-2025 02:26 PM,6,Simon BÈgin <67952005.bxtw>,Simon BÈgin <67952005.bxtw>
Refonte r√©seau Laurentides,HC-80000-Arthur-Sauv√© - H√©mond.jpg,09-22-2025,11-25-2025,Inactif,HC-80000,Arthur-Sauv√©/H√©mond,10-29-2025,10-29-2025 01:14 PM,12-10-2025 02:26 PM,7,Simon BÈgin <67952005.bxtw>,Simon BÈgin <67952005.bxtw>
Campagne hivernale,,11-25-2025,03-31-2026,Actif,CA-CAND-01,Gare Candiac,10-12-2025,12-10-2025 02:27 PM,12-10-2025 02:30 PM,8,Simon BÈgin <67952005.bxtw>,Simon BÈgin <67952005.bxtw>
Campagne hivernale,,11-25-2025,03-31-2026,Actif,CA-CAND-05,Gare Candiac,10-12-2025,12-10-2025 02:27 PM,12-10-2025 02:30 PM,9,Simon BÈgin <67952005.bxtw>,Simon BÈgin <67952005.bxtw>
Campagne hivernale,,11-25-2025,03-31-2026,Actif,CA-DELS-01,Gare Delson,10-12-2025,12-10-2025 02:27 PM,12-10-2025 02:30 PM,10,Simon BÈgin <67952005.bxtw>,Simon BÈgin <67952005.bxtw>
Campagne hivernale,,11-25-2025,03-31-2026,Actif,CA-SCAT-09,Gare Sainte-Catherine,10-12-2025,12-10-2025 02:27 PM,12-10-2025 02:30 PM,11,Simon BÈgin <67952005.bxtw>,Simon BÈgin <67952005.bxtw>
Campagne hivernale,,11-25-2025,03-31-2026,Actif,CA-SCAT-11,Gare Sainte-Catherine,10-12-2025,12-10-2025 02:27 PM,12-10-2025 02:30 PM,12,Simon BÈgin <67952005.bxtw>,Simon BÈgin <67952005.bxtw>
Campagne hivernale,,11-25-2025,03-31-2026,Actif,CA-SCON-03,Gare Saint-Constant,10-12-2025,12-10-2025 02:27 PM,12-10-2025 02:30 PM,13,Simon BÈgin <67952005.bxtw>,Simon BÈgin <67952005.bxtw>
Campagne hivernale,,11-25-2025,03-31-2026,Actif,CA-SCON-19,Gare Saint-Constant,10-12-2025,12-10-2025 02:27 PM,12-10-2025 02:30 PM,14,Simon BÈgin <67952005.bxtw>,Simon BÈgin <67952005.bxtw>
Campagne hivernale,,11-25-2025,03-31-2026,Actif,COM-CENT-06,Gare Centrale,10-12-2025,12-10-2025 02:27 PM,12-10-2025 02:30 PM,15,Simon BÈgin <67952005.bxtw>,Simon BÈgin <67952005.bxtw>
Campagne hivernale,,11-25-2025,03-31-2026,Actif,COM-CENT-08,Gare Centrale,10-12-2025,12-10-2025 02:27 PM,12-10-2025 02:30 PM,16,Simon BÈgin <67952005.bxtw>,Simon BÈgin <67952005.bxtw>
Campagne hivernale,,11-25-2025,03-31-2026,Actif,COM-LL-01,Gare Lucien-l'Allier,10-12-2025,12-10-2025 02:27 PM,12-10-2025 02:30 PM,17,Simon BÈgin <67952005.bxtw>,Simon BÈgin <67952005.bxtw>
Campagne hivernale,,11-25-2025,03-31-2026,Actif,COM-LL-07,Gare Lucien-l'Allier,10-12-2025,12-10-2025 02:27 PM,12-10-2025 02:30 PM,18,Simon BÈgin <67952005.bxtw>,Simon BÈgin <67952005.bxtw>
Campagne hivernale,,11-25-2025,03-31-2026,Actif,COM-LL-12,Gare Lucien-l'Allier,10-12-2025,12-10-2025 02:27 PM,12-10-2025 02:30 PM,19,Simon BÈgin <67952005.bxtw>,Simon BÈgin <67952005.bxtw>
Campagne hivernale,,11-25-2025,03-31-2026,Actif,COM-MTLO-01,Gare Montr√©al-Ouest,10-12-2025,12-10-2025 02:27 PM,12-10-2025 02:30 PM,20,Simon BÈgin <67952005.bxtw>,Simon BÈgin <67952005.bxtw>
Campagne hivernale,,11-25-2025,03-31-2026,Actif,COM-MTLO-02,Gare Montr√©al-Ouest,10-12-2025,12-10-2025 02:27 PM,12-10-2025 02:30 PM,21,Simon BÈgin <67952005.bxtw>,Simon BÈgin <67952005.bxtw>
Campagne hivernale,,11-25-2025,03-31-2026,Actif,COM-VEND-21,Gare Vend√¥me,10-12-2025,12-10-2025 02:27 PM,12-10-2025 02:30 PM,22,Simon BÈgin <67952005.bxtw>,Simon BÈgin <67952005.bxtw>
Campagne hivernale,,11-25-2025,03-31-2026,Actif,MA-AHUN-06,Gare Ahuntsic,10-12-2025,12-10-2025 02:27 PM,12-10-2025 02:30 PM,23,Simon BÈgin <67952005.bxtw>,Simon BÈgin <67952005.bxtw>
Campagne hivernale,,11-25-2025,03-31-2026,Actif,MA-AHUN-16,Gare Ahuntsic,10-12-2025,12-10-2025 02:27 PM,12-10-2025 02:30 PM,24,Simon BÈgin <67952005.bxtw>,Simon BÈgin <67952005.bxtw>
Campagne hivernale,,11-25-2025,03-31-2026,Actif,MA-ANJO-05,Gare Anjou,10-12-2025,12-10-2025 02:27 PM,12-10-2025 02:30 PM,25,Simon BÈgin <67952005.bxtw>,Simon BÈgin <67952005.bxtw>
Campagne hivernale,,11-25-2025,03-31-2026,Actif,MA-ANJO-15,Gare Anjou,10-12-2025,12-10-2025 02:27 PM,12-10-2025 02:30 PM,26,Simon BÈgin <67952005.bxtw>,Simon BÈgin <67952005.bxtw>
Campagne hivernale,,11-25-2025,03-31-2026,Actif,MA-ANJO-21,Gare Anjou,10-12-2025,12-10-2025 02:27 PM,12-10-2025 02:30 PM,27,Simon BÈgin <67952005.bxtw>,Simon BÈgin <67952005.bxtw>
Campagne hivernale,,11-25-2025,03-31-2026,Actif,MA-MASC-01,Gare Mascouche,10-12-2025,12-10-2025 02:27 PM,12-10-2025 02:30 PM,28,Simon BÈgin <67952005.bxtw>,Simon BÈgin <67952005.bxtw>
Campagne hivernale,,11-25-2025,03-31-2026,Actif,MA-MASC-03,Gare Mascouche,10-12-2025,12-10-2025 02:27 PM,12-10-2025 02:30 PM,29,Simon BÈgin <67952005.bxtw>,Simon BÈgin <67952005.bxtw>
Campagne hivernale,,11-25-2025,03-31-2026,Actif,MA-MASC-06,Gare Mascouche,10-12-2025,12-10-2025 02:27 PM,12-10-2025 02:30 PM,30,Simon BÈgin <67952005.bxtw>,Simon BÈgin <67952005.bxtw>
Campagne hivernale,,11-25-2025,03-31-2026,Actif,MA-MASC-12,Gare Mascouche,10-12-2025,12-10-2025 02:27 PM,12-10-2025 02:30 PM,31,Simon BÈgin <67952005.bxtw>,Simon BÈgin <67952005.bxtw>
Campagne hivernale,,11-25-2025,03-31-2026,Actif,MA-PAT-01,Gare Pointe-aux-trembles,10-12-2025,12-10-2025 02:27 PM,12-10-2025 02:30 PM,32,Simon BÈgin <67952005.bxtw>,Simon BÈgin <67952005.bxtw>
Campagne hivernale,,11-25-2025,03-31-2026,Actif,MA-PAT-11,Gare Pointe-aux-trembles,10-12-2025,12-10-2025 02:27 PM,12-10-2025 02:30 PM,33,Simon BÈgin <67952005.bxtw>,Simon BÈgin <67952005.bxtw>
Campagne hivernale,,11-25-2025,03-31-2026,Actif,MA-RDP-05,Gare Rivi√®re-des-Prairies,10-12-2025,12-10-2025 02:27 PM,12-10-2025 02:30 PM,34,Simon BÈgin <67952005.bxtw>,Simon BÈgin <67952005.bxtw>
Campagne hivernale,,11-25-2025,03-31-2026,Actif,MA-REPE-03,Gare Repentigny,10-12-2025,12-10-2025 02:27 PM,12-10-2025 02:30 PM,35,Simon BÈgin <67952005.bxtw>,Simon BÈgin <67952005.bxtw>
Campagne hivernale,,11-25-2025,03-31-2026,Actif,MA-REPE-07,Gare Repentigny,10-12-2025,12-10-2025 02:27 PM,12-10-2025 02:30 PM,36,Simon BÈgin <67952005.bxtw>,Simon BÈgin <67952005.bxtw>
Campagne hivernale,,11-25-2025,03-31-2026,Actif,MA-REPE-14,Gare Repentigny,10-12-2025,12-10-2025 02:27 PM,12-10-2025 02:30 PM,37,Simon BÈgin <67952005.bxtw>,Simon BÈgin <67952005.bxtw>
Campagne hivernale,,11-25-2025,03-31-2026,Actif,MA-SAUV-04,Gare Sauv√©,10-12-2025,12-10-2025 02:27 PM,12-10-2025 02:30 PM,38,Simon BÈgin <67952005.bxtw>,Simon BÈgin <67952005.bxtw>
Campagne hivernale,,11-25-2025,03-31-2026,Actif,MA-SAUV-11,Gare Sauv√©,10-12-2025,12-10-2025 02:27 PM,12-10-2025 02:30 PM,39,Simon BÈgin <67952005.bxtw>,Simon BÈgin <67952005.bxtw>
Campagne hivernale,,11-25-2025,03-31-2026,Actif,MA-SL√âO-02,Gare Saint-L√©onard,10-12-2025,12-10-2025 02:27 PM,12-10-2025 02:30 PM,40,Simon BÈgin <67952005.bxtw>,Simon BÈgin <67952005.bxtw>
Campagne hivernale,,11-25-2025,03-31-2026,Actif,MA-SL√âO-10,Gare Saint-L√©onard,10-12-2025,12-10-2025 02:27 PM,12-10-2025 02:30 PM,41,Simon BÈgin <67952005.bxtw>,Simon BÈgin <67952005.bxtw>
Campagne hivernale,,11-25-2025,03-31-2026,Actif,MA-SL√âO-15,Gare Saint-L√©onard,10-12-2025,12-10-2025 02:27 PM,12-10-2025 02:30 PM,42,Simon BÈgin <67952005.bxtw>,Simon BÈgin <67952005.bxtw>
Campagne hivernale,,11-25-2025,03-31-2026,Actif,MA-SMIC-07,Gare Saint-Michel,10-12-2025,12-10-2025 02:27 PM,12-10-2025 02:30 PM,43,Simon BÈgin <67952005.bxtw>,Simon BÈgin <67952005.bxtw>
Campagne hivernale,,11-25-2025,03-31-2026,Actif,MA-SMIC-12,Gare Saint-Michel,10-12-2025,12-10-2025 02:27 PM,12-10-2025 02:30 PM,44,Simon BÈgin <67952005.bxtw>,Simon BÈgin <67952005.bxtw>
Campagne hivernale,,11-25-2025,03-31-2026,Actif,MA-TERR-05,Gare Terrebonne,10-12-2025,12-10-2025 02:27 PM,12-10-2025 02:30 PM,45,Simon BÈgin <67952005.bxtw>,Simon BÈgin <67952005.bxtw>
Campagne hivernale,,11-25-2025,03-31-2026,Actif,MA-TERR-06,Gare Terrebonne,10-12-2025,12-10-2025 02:27 PM,12-10-2025 02:30 PM,46,Simon BÈgin <67952005.bxtw>,Simon BÈgin <67952005.bxtw>
Campagne hivernale,,11-25-2025,03-31-2026,Actif,MA-TERR-13,Gare Terrebonne,10-12-2025,12-10-2025 02:27 PM,12-10-2025 02:30 PM,47,Simon BÈgin <67952005.bxtw>,Simon BÈgin <67952005.bxtw>
Campagne hivernale,,11-25-2025,03-31-2026,Actif,MSH-LSHU-08,Gare Longueuil - Saint-Hubert,10-12-2025,12-10-2025 02:27 PM,12-10-2025 02:30 PM,48,Simon BÈgin <67952005.bxtw>,Simon BÈgin <67952005.bxtw>
Campagne hivernale,,11-25-2025,03-31-2026,Actif,MSH-MCMA-06,Gare McMasterville,10-12-2025,12-10-2025 02:27 PM,12-10-2025 02:30 PM,49,Simon BÈgin <67952005.bxtw>,Simon BÈgin <67952005.bxtw>
Campagne hivernale,,11-25-2025,03-31-2026,Actif,MSH-MSH-01,Gare Mont-Saint-Hilaire,10-12-2025,12-10-2025 02:27 PM,12-10-2025 02:30 PM,50,Simon BÈgin <67952005.bxtw>,Simon BÈgin <67952005.bxtw>
Campagne hivernale,,11-25-2025,03-31-2026,Actif,MSH-SBAS-05,Gare Saint-Basile-le-Grand,10-12-2025,12-10-2025 02:27 PM,12-10-2025 02:30 PM,51,Simon BÈgin <67952005.bxtw>,Simon BÈgin <67952005.bxtw>
Campagne hivernale,,11-25-2025,03-31-2026,Actif,MSH-SBAS-10,Gare Saint-Basile-le-Grand,10-12-2025,12-10-2025 02:27 PM,12-10-2025 02:30 PM,52,Simon BÈgin <67952005.bxtw>,Simon BÈgin <67952005.bxtw>
Campagne hivernale,,11-25-2025,03-31-2026,Actif,MSH-SBRU-05,Gare Saint-Bruno,10-12-2025,12-10-2025 02:27 PM,12-10-2025 02:30 PM,53,Simon BÈgin <67952005.bxtw>,Simon BÈgin <67952005.bxtw>
Campagne hivernale,,11-25-2025,03-31-2026,Actif,MSH-SBRU-12,Gare Saint-Bruno,10-12-2025,12-10-2025 02:27 PM,12-10-2025 02:30 PM,54,Simon BÈgin <67952005.bxtw>,Simon BÈgin <67952005.bxtw>
Campagne hivernale,,11-25-2025,03-31-2026,Actif,MSH-SLAM-02,Gare Saint-Lambert,10-12-2025,12-10-2025 02:27 PM,12-10-2025 02:30 PM,55,Simon BÈgin <67952005.bxtw>,Simon BÈgin <67952005.bxtw>
Campagne hivernale,,11-25-2025,03-31-2026,Actif,MSH-SLAM-06,Gare Saint-Lambert,10-12-2025,12-10-2025 02:27 PM,12-10-2025 02:30 PM,56,Simon BÈgin <67952005.bxtw>,Simon BÈgin <67952005.bxtw>
Campagne hivernale,,11-25-2025,03-31-2026,Actif,SJ-BLAI-01,Gare Blainville,10-12-2025,12-10-2025 02:27 PM,12-10-2025 02:30 PM,57,Simon BÈgin <67952005.bxtw>,Simon BÈgin <67952005.bxtw>
Campagne hivernale,,11-25-2025,03-31-2026,Actif,SJ-BOIS-02,Gare Bois-de-Boulogne,10-12-2025,12-10-2025 02:27 PM,12-10-2025 02:30 PM,58,Simon BÈgin <67952005.bxtw>,Simon BÈgin <67952005.bxtw>
Campagne hivernale,,11-25-2025,03-31-2026,Actif,SJ-BOIS-09,Gare Bois-de-Boulogne,10-12-2025,12-10-2025 02:27 PM,12-10-2025 02:30 PM,59,Simon BÈgin <67952005.bxtw>,Simon BÈgin <67952005.bxtw>
Campagne hivernale,,11-25-2025,03-31-2026,Actif,SJ-CHAB-03,Gare Chabanel,10-12-2025,12-10-2025 02:27 PM,12-10-2025 02:30 PM,60,Simon BÈgin <67952005.bxtw>,Simon BÈgin <67952005.bxtw>
Campagne hivernale,,11-25-2025,03-31-2026,Actif,SJ-CHAB-09,Gare Chabanel,10-12-2025,12-10-2025 02:27 PM,12-10-2025 02:30 PM,61,Simon BÈgin <67952005.bxtw>,Simon BÈgin <67952005.bxtw>
Campagne hivernale,,11-25-2025,03-31-2026,Inactif,SJ-CONC-02,Gare de la Concorde,10-12-2025,12-10-2025 02:27 PM,03-28-2026 11:28 AM,62,Simon BÈgin <67952005.bxtw>,Simon BÈgin <67952005.bxtw>
Campagne hivernale,,11-25-2025,03-31-2026,Actif,SJ-CONC-03,Gare de la Concorde,10-12-2025,12-10-2025 02:27 PM,12-10-2025 02:30 PM,63,Simon BÈgin <67952005.bxtw>,Simon BÈgin <67952005.bxtw>
Campagne hivernale,,11-25-2025,03-31-2026,Actif,SJ-MIRA-08,Gare Mirabel,10-12-2025,12-10-2025 02:27 PM,12-10-2025 02:30 PM,64,Simon BÈgin <67952005.bxtw>,Simon BÈgin <67952005.bxtw>
Campagne hivernale,,11-25-2025,03-31-2026,Actif,SJ-MIRA-18,Gare Mirabel,10-12-2025,12-10-2025 02:27 PM,12-10-2025 02:30 PM,65,Simon BÈgin <67952005.bxtw>,Simon BÈgin <67952005.bxtw>
Campagne hivernale,,11-25-2025,03-31-2026,Actif,SJ-PARC-03,Gare Parc,10-12-2025,12-10-2025 02:27 PM,12-10-2025 02:30 PM,66,Simon BÈgin <67952005.bxtw>,Simon BÈgin <67952005.bxtw>
Campagne hivernale,,11-25-2025,03-31-2026,Actif,SJ-PARC-04,Gare Parc,10-12-2025,12-10-2025 02:27 PM,12-10-2025 02:30 PM,67,Simon BÈgin <67952005.bxtw>,Simon BÈgin <67952005.bxtw>
Campagne hivernale,,11-25-2025,03-31-2026,Actif,SJ-RMER-06,Gare Rosem√®re,10-12-2025,12-10-2025 02:27 PM,12-10-2025 02:30 PM,68,Simon BÈgin <67952005.bxtw>,Simon BÈgin <67952005.bxtw>
Campagne hivernale,,11-25-2025,03-31-2026,Actif,SJ-RMER-10,Gare Rosem√®re,10-12-2025,12-10-2025 02:27 PM,12-10-2025 02:30 PM,69,Simon BÈgin <67952005.bxtw>,Simon BÈgin <67952005.bxtw>
Campagne hivernale,,11-25-2025,03-31-2026,Actif,SJ-SJ√âR-09,Gare Saint-J√©r√¥me,10-12-2025,12-10-2025 02:27 PM,12-10-2025 02:30 PM,70,Simon BÈgin <67952005.bxtw>,Simon BÈgin <67952005.bxtw>
Campagne hivernale,,11-25-2025,03-31-2026,Actif,SJ-SJ√âR-12,Gare Saint-J√©r√¥me,10-12-2025,12-10-2025 02:27 PM,12-10-2025 02:30 PM,71,Simon BÈgin <67952005.bxtw>,Simon BÈgin <67952005.bxtw>
Campagne hivernale,,11-25-2025,03-31-2026,Actif,SJ-SROS-06,Gare Sainte-Rose,10-12-2025,12-10-2025 02:27 PM,12-10-2025 02:30 PM,72,Simon BÈgin <67952005.bxtw>,Simon BÈgin <67952005.bxtw>
Campagne hivernale,,11-25-2025,03-31-2026,Actif,SJ-SROS-14,Gare Sainte-Rose,10-12-2025,12-10-2025 02:27 PM,12-10-2025 02:30 PM,73,Simon BÈgin <67952005.bxtw>,Simon BÈgin <67952005.bxtw>
Campagne hivernale,,11-25-2025,03-31-2026,Actif,SJ-STH√â-02,Gare Sainte-Th√©r√®se,10-12-2025,12-10-2025 02:27 PM,12-10-2025 02:30 PM,74,Simon BÈgin <67952005.bxtw>,Simon BÈgin <67952005.bxtw>
Campagne hivernale,,11-25-2025,03-31-2026,Actif,SJ-STH√â-05,Gare Sainte-Th√©r√®se,10-12-2025,12-10-2025 02:27 PM,12-10-2025 02:30 PM,75,Simon BÈgin <67952005.bxtw>,Simon BÈgin <67952005.bxtw>
Campagne hivernale,,11-25-2025,03-31-2026,Inactif,SJ-STH√â-23,Gare Sainte-Th√©r√®se,10-12-2025,12-10-2025 02:27 PM,03-28-2026 11:28 AM,76,Simon BÈgin <67952005.bxtw>,Simon BÈgin <67952005.bxtw>
Campagne hivernale,,11-25-2025,03-31-2026,Actif,SJ-VIMO-09,Gare Vimont,10-12-2025,12-10-2025 02:27 PM,12-10-2025 02:30 PM,77,Simon BÈgin <67952005.bxtw>,Simon BÈgin <67952005.bxtw>
Campagne hivernale,,11-25-2025,03-31-2026,Actif,SJ-VIMO-17,Gare Vimont,10-12-2025,12-10-2025 02:27 PM,12-10-2025 02:30 PM,78,Simon BÈgin <67952005.bxtw>,Simon BÈgin <67952005.bxtw>
Campagne hivernale,,11-25-2025,03-31-2026,Actif,ST-CHAM-01,Stationnement Chambly,10-12-2025,12-10-2025 02:27 PM,12-10-2025 02:30 PM,79,Simon BÈgin <67952005.bxtw>,Simon BÈgin <67952005.bxtw>
Campagne hivernale,,11-25-2025,03-31-2026,Actif,ST-CHAM-04,Stationnement Chambly,10-12-2025,12-10-2025 02:27 PM,12-10-2025 02:30 PM,80,Simon BÈgin <67952005.bxtw>,Simon BÈgin <67952005.bxtw>
Campagne hivernale,,11-25-2025,03-31-2026,Actif,ST-CHAM-09,Stationnement Chambly,10-12-2025,12-10-2025 02:27 PM,12-10-2025 02:30 PM,81,Simon BÈgin <67952005.bxtw>,Simon BÈgin <67952005.bxtw>
Campagne hivernale,,11-25-2025,03-31-2026,Actif,ST-CHAM-13,Stationnement Chambly,10-12-2025,12-10-2025 02:27 PM,12-10-2025 02:30 PM,82,Simon BÈgin <67952005.bxtw>,Simon BÈgin <67952005.bxtw>
Campagne hivernale,,11-25-2025,03-31-2026,Actif,ST-JULI-12,Terminus Sainte-Julie,10-12-2025,12-10-2025 02:27 PM,12-10-2025 02:30 PM,83,Simon BÈgin <67952005.bxtw>,Simon BÈgin <67952005.bxtw>
Campagne hivernale,,11-25-2025,03-31-2026,Actif,ST-JULI-21,Terminus Sainte-Julie,10-12-2025,12-10-2025 02:27 PM,12-10-2025 02:30 PM,84,Simon BÈgin <67952005.bxtw>,Simon BÈgin <67952005.bxtw>
Campagne hivernale,,11-25-2025,03-31-2026,Actif,ST-MCAL-03,Stationnement Montcalm,10-12-2025,12-10-2025 02:27 PM,12-10-2025 02:30 PM,85,Simon BÈgin <67952005.bxtw>,Simon BÈgin <67952005.bxtw>
Campagne hivernale,,11-25-2025,03-31-2026,Actif,ST-MCAL-05,Stationnement Montcalm,10-12-2025,12-10-2025 02:27 PM,12-10-2025 02:30 PM,86,Simon BÈgin <67952005.bxtw>,Simon BÈgin <67952005.bxtw>
Campagne hivernale,,11-25-2025,03-31-2026,Actif,TE-CHAT-02,Terminus Ch√¢teauguay,10-12-2025,12-10-2025 02:27 PM,12-10-2025 02:30 PM,87,Simon BÈgin <67952005.bxtw>,Simon BÈgin <67952005.bxtw>
Campagne hivernale,,11-25-2025,03-31-2026,Actif,TE-CHAT-08,Terminus Ch√¢teauguay,10-12-2025,12-10-2025 02:27 PM,12-10-2025 02:30 PM,88,Simon BÈgin <67952005.bxtw>,Simon BÈgin <67952005.bxtw>
Campagne hivernale,,11-25-2025,03-31-2026,Actif,TE-CHAT-11,Terminus Ch√¢teauguay,10-12-2025,12-10-2025 02:27 PM,12-10-2025 02:30 PM,89,Simon BÈgin <67952005.bxtw>,Simon BÈgin <67952005.bxtw>
Campagne hivernale,,11-25-2025,03-31-2026,Actif,TE-CONT-CI1-07,Terminus Contrecoeur,10-12-2025,12-10-2025 02:27 PM,12-10-2025 02:30 PM,90,Simon BÈgin <67952005.bxtw>,Simon BÈgin <67952005.bxtw>
Campagne hivernale,,11-25-2025,03-31-2026,Actif,TE-CV-10,Terminus Centre-ville,10-12-2025,12-10-2025 02:27 PM,12-10-2025 02:30 PM,91,Simon BÈgin <67952005.bxtw>,Simon BÈgin <67952005.bxtw>
Campagne hivernale,,11-25-2025,03-31-2026,Actif,TE-CV-16,Terminus Centre-ville,10-12-2025,12-10-2025 02:27 PM,12-10-2025 02:30 PM,92,Simon BÈgin <67952005.bxtw>,Simon BÈgin <67952005.bxtw>
Campagne hivernale,,11-25-2025,03-31-2026,Actif,TE-REPE-03,Terminus Repentigny,10-12-2025,12-10-2025 02:27 PM,12-10-2025 02:30 PM,93,Simon BÈgin <67952005.bxtw>,Simon BÈgin <67952005.bxtw>
Campagne hivernale,,11-25-2025,03-31-2026,Actif,TE-REPE-04,Terminus Repentigny,10-12-2025,12-10-2025 02:27 PM,12-10-2025 02:30 PM,94,Simon BÈgin <67952005.bxtw>,Simon BÈgin <67952005.bxtw>
Campagne hivernale,,11-25-2025,03-31-2026,Actif,TE-REPE-12,Terminus Repentigny,10-12-2025,12-10-2025 02:27 PM,12-10-2025 02:30 PM,95,Simon BÈgin <67952005.bxtw>,Simon BÈgin <67952005.bxtw>
Campagne hivernale,,11-25-2025,03-31-2026,Actif,TE-SOREL-01,Terminus Sorel,10-12-2025,12-10-2025 02:27 PM,12-10-2025 02:30 PM,96,Simon BÈgin <67952005.bxtw>,Simon BÈgin <67952005.bxtw>
Campagne hivernale,,11-25-2025,03-31-2026,Actif,TE-TERR-09,Terminus Terrebonne,10-12-2025,12-10-2025 02:27 PM,12-10-2025 02:30 PM,97,Simon BÈgin <67952005.bxtw>,Simon BÈgin <67952005.bxtw>
Campagne hivernale,,11-25-2025,03-31-2026,Actif,TE-TERR-10,Terminus Terrebonne,10-12-2025,12-10-2025 02:27 PM,12-10-2025 02:30 PM,98,Simon BÈgin <67952005.bxtw>,Simon BÈgin <67952005.bxtw>
Campagne hivernale,,11-25-2025,03-31-2026,Actif,TE-TERR-13,Terminus Terrebonne,10-12-2025,12-10-2025 02:27 PM,12-10-2025 02:30 PM,99,Simon BÈgin <67952005.bxtw>,Simon BÈgin <67952005.bxtw>
Campagne hivernale,,11-25-2025,03-31-2026,Actif,TE-TERR-16,Terminus Terrebonne,10-12-2025,12-10-2025 02:27 PM,12-10-2025 02:30 PM,100,Simon BÈgin <67952005.bxtw>,Simon BÈgin <67952005.bxtw>
Campagne hivernale,,11-25-2025,03-31-2026,Actif,VH-BEAC-03,Gare Beaconsfield,10-12-2025,12-10-2025 02:27 PM,12-10-2025 02:30 PM,101,Simon BÈgin <67952005.bxtw>,Simon BÈgin <67952005.bxtw>
Campagne hivernale,,11-25-2025,03-31-2026,Actif,VH-BEAC-09,Gare Beaconsfield,10-12-2025,12-10-2025 02:27 PM,12-10-2025 02:30 PM,102,Simon BÈgin <67952005.bxtw>,Simon BÈgin <67952005.bxtw>
Campagne hivernale,,11-25-2025,03-31-2026,Actif,VH-BEAU-02,Gare Beaurepaire,10-12-2025,12-10-2025 02:27 PM,12-10-2025 02:30 PM,103,Simon BÈgin <67952005.bxtw>,Simon BÈgin <67952005.bxtw>
Campagne hivernale,,11-25-2025,03-31-2026,Actif,VH-CEDA-10,Gare Cedar Park,10-12-2025,12-10-2025 02:27 PM,12-10-2025 02:30 PM,104,Simon BÈgin <67952005.bxtw>,Simon BÈgin <67952005.bxtw>
Campagne hivernale,,11-25-2025,03-31-2026,Actif,VH-DORI-03,Gare Dorion,10-12-2025,12-10-2025 02:27 PM,12-10-2025 02:30 PM,105,Simon BÈgin <67952005.bxtw>,Simon BÈgin <67952005.bxtw>
Campagne hivernale,,11-25-2025,03-31-2026,Actif,VH-DORI-04,Gare Dorion,10-12-2025,12-10-2025 02:27 PM,12-10-2025 02:30 PM,106,Simon BÈgin <67952005.bxtw>,Simon BÈgin <67952005.bxtw>
Campagne hivernale,,11-25-2025,03-31-2026,Actif,VH-DORV-09,Gare Dorval,10-12-2025,12-10-2025 02:27 PM,12-10-2025 02:30 PM,107,Simon BÈgin <67952005.bxtw>,Simon BÈgin <67952005.bxtw>
Campagne hivernale,,11-25-2025,03-31-2026,Actif,VH-DORV-12,Gare Dorval,10-12-2025,12-10-2025 02:27 PM,12-10-2025 02:30 PM,108,Simon BÈgin <67952005.bxtw>,Simon BÈgin <67952005.bxtw>
Campagne hivernale,,11-25-2025,03-31-2026,Actif,VH-DORV-17,Gare Dorval,10-12-2025,12-10-2025 02:27 PM,12-10-2025 02:30 PM,109,Simon BÈgin <67952005.bxtw>,Simon BÈgin <67952005.bxtw>
Campagne hivernale,,11-25-2025,03-31-2026,Actif,VH-√éPER-05,Gare √éle-Perrot,10-12-2025,12-10-2025 02:27 PM,12-10-2025 02:30 PM,110,Simon BÈgin <67952005.bxtw>,Simon BÈgin <67952005.bxtw>
Campagne hivernale,,11-25-2025,03-31-2026,Actif,VH-√éPER-11,Gare √éle-Perrot,10-12-2025,12-10-2025 02:27 PM,12-10-2025 02:30 PM,111,Simon BÈgin <67952005.bxtw>,Simon BÈgin <67952005.bxtw>
Campagne hivernale,,11-25-2025,03-31-2026,Actif,VH-LACH-02,Gare Lachine,10-12-2025,12-10-2025 02:27 PM,12-10-2025 02:30 PM,112,Simon BÈgin <67952005.bxtw>,Simon BÈgin <67952005.bxtw>
Campagne hivernale,,11-25-2025,03-31-2026,Actif,VH-LACH-04,Gare Lachine,10-12-2025,12-10-2025 02:27 PM,12-10-2025 02:30 PM,113,Simon BÈgin <67952005.bxtw>,Simon BÈgin <67952005.bxtw>
Campagne hivernale,,11-25-2025,03-31-2026,Actif,VH-PCLA-01,Gare Pointe-Claire,10-12-2025,12-10-2025 02:27 PM,12-10-2025 02:30 PM,114,Simon BÈgin <67952005.bxtw>,Simon BÈgin <67952005.bxtw>
Campagne hivernale,,11-25-2025,03-31-2026,Actif,VH-PCLA-08,Gare Pointe-Claire,10-12-2025,12-10-2025 02:27 PM,12-10-2025 02:30 PM,115,Simon BÈgin <67952005.bxtw>,Simon BÈgin <67952005.bxtw>
Campagne hivernale,,11-25-2025,03-31-2026,Actif,VH-PCLA-15,Gare Pointe-Claire,10-12-2025,12-10-2025 02:27 PM,12-10-2025 02:30 PM,116,Simon BÈgin <67952005.bxtw>,Simon BÈgin <67952005.bxtw>
Campagne hivernale,,11-25-2025,03-31-2026,Actif,VH-PCLA-18,Gare Pointe-Claire,10-12-2025,12-10-2025 02:27 PM,12-10-2025 02:30 PM,117,Simon BÈgin <67952005.bxtw>,Simon BÈgin <67952005.bxtw>
Campagne hivernale,,11-25-2025,03-31-2026,Actif,VH-PINC-03,Gare Pincourt,10-12-2025,12-10-2025 02:27 PM,12-10-2025 02:30 PM,118,Simon BÈgin <67952005.bxtw>,Simon BÈgin <67952005.bxtw>
Campagne hivernale,,11-25-2025,03-31-2026,Actif,VH-PINC-15,Gare Pincourt,10-12-2025,12-10-2025 02:27 PM,12-10-2025 02:30 PM,119,Simon BÈgin <67952005.bxtw>,Simon BÈgin <67952005.bxtw>
Campagne hivernale,,11-25-2025,03-31-2026,Actif,VH-PINE-01,Gare Pine Beach,10-12-2025,12-10-2025 02:27 PM,12-10-2025 02:30 PM,120,Simon BÈgin <67952005.bxtw>,Simon BÈgin <67952005.bxtw>
Campagne hivernale,,11-25-2025,03-31-2026,Actif,VH-PINE-10,Gare Pine Beach,10-12-2025,12-10-2025 02:27 PM,12-10-2025 02:30 PM,121,Simon BÈgin <67952005.bxtw>,Simon BÈgin <67952005.bxtw>
Campagne hivernale,,11-25-2025,03-31-2026,Actif,VH-SANN-04,Gare Sainte-Anne-de-Bellevue,10-12-2025,12-10-2025 02:27 PM,01-19-2026 05:12 PM,122,Simon BÈgin <67952005.bxtw>,Simon BÈgin <67952005.bxtw>
Campagne hivernale,,11-25-2025,03-31-2026,Actif,VH-URF√â-08,Gare Baie-d'Urf√©,10-12-2025,12-10-2025 02:27 PM,12-10-2025 02:30 PM,123,Simon BÈgin <67952005.bxtw>,Simon BÈgin <67952005.bxtw>
Campagne hivernale,,11-25-2025,03-31-2026,Actif,VH-VALO-01,Gare Valois,10-12-2025,12-10-2025 02:27 PM,12-10-2025 02:30 PM,124,Simon BÈgin <67952005.bxtw>,Simon BÈgin <67952005.bxtw>
Campagne hivernale,,11-25-2025,03-31-2026,Actif,VH-VALO-08,Gare Valois,10-12-2025,12-10-2025 02:27 PM,12-10-2025 02:30 PM,125,Simon BÈgin <67952005.bxtw>,Simon BÈgin <67952005.bxtw>
Campagne hivernale,,11-25-2025,03-31-2026,Actif,VH-VAUD-05,Gare Vaudreuil,10-12-2025,12-10-2025 02:27 PM,12-10-2025 02:30 PM,126,Simon BÈgin <67952005.bxtw>,Simon BÈgin <67952005.bxtw>
Campagne hivernale,,11-25-2025,03-31-2026,Actif,VH-VAUD-12,Gare Vaudreuil,10-12-2025,12-10-2025 02:27 PM,12-10-2025 02:30 PM,127,Simon BÈgin <67952005.bxtw>,Simon BÈgin <67952005.bxtw>
Campagne hivernale,,11-25-2025,03-31-2026,Actif,VH-VAUD-15,Gare Vaudreuil,10-12-2025,12-10-2025 02:27 PM,12-10-2025 02:30 PM,128,Simon BÈgin <67952005.bxtw>,Simon BÈgin <67952005.bxtw>
Campagne hivernale,,11-25-2025,03-31-2026,Actif,VH-VAUD-19,Gare Vaudreuil,10-12-2025,12-10-2025 02:27 PM,12-10-2025 02:30 PM,129,Simon BÈgin <67952005.bxtw>,Simon BÈgin <67952005.bxtw>
Campagne hivernale,,11-25-2025,03-31-2026,Actif,VH-VAUD-23,Gare Vaudreuil,10-12-2025,12-10-2025 02:27 PM,12-10-2025 02:30 PM,130,Simon BÈgin <67952005.bxtw>,Simon BÈgin <67952005.bxtw>
Campagne hivernale,,12-17-2025,03-31-2026,Inactif,PDVS-STHE-01,PDVS Sainte-Th√©r√®se,16-01-2026,01-19-2026 05:10 PM,03-28-2026 11:28 AM,131,Simon BÈgin <67952005.bxtw>,Simon BÈgin <67952005.bxtw>
"Le 12 janvier, le terminus de la ligne 15 - Mascouche, deviendra la Gare Cote-de-Liesse",,11-01-2026,01-26-2026,Actif,MA-AHUN-03,Gare Ahuntsic,11-01-2026,01-20-2026 09:13 AM,01-20-2026 09:13 AM,132,Simon BÈgin <67952005.bxtw>,Simon BÈgin <67952005.bxtw>
"Le 12 janvier, le terminus de la ligne 15 - Mascouche, deviendra la Gare Cote-de-Liesse",,11-01-2026,01-26-2026,Actif,MA-AHUN-07,Gare Ahuntsic,11-01-2026,01-20-2026 09:13 AM,01-20-2026 09:13 AM,133,Simon BÈgin <67952005.bxtw>,Simon BÈgin <67952005.bxtw>
"Le 12 janvier, le terminus de la ligne 15 - Mascouche, deviendra la Gare Cote-de-Liesse",,11-01-2026,01-26-2026,Actif,MA-ANJO-04,Gare Anjou,11-01-2026,01-20-2026 09:13 AM,01-20-2026 09:13 AM,134,Simon BÈgin <67952005.bxtw>,Simon BÈgin <67952005.bxtw>
"Le 12 janvier, le terminus de la ligne 15 - Mascouche, deviendra la Gare Cote-de-Liesse",,11-01-2026,01-26-2026,Actif,MA-ANJO-13,Gare Anjou,11-01-2026,01-20-2026 09:13 AM,01-20-2026 09:13 AM,135,Simon BÈgin <67952005.bxtw>,Simon BÈgin <67952005.bxtw>
"Le 12 janvier, le terminus de la ligne 15 - Mascouche, deviendra la Gare Cote-de-Liesse",,11-01-2026,01-26-2026,Actif,MA-ANJO-18,Gare Anjou,11-01-2026,01-20-2026 09:13 AM,01-20-2026 09:13 AM,136,Simon BÈgin <67952005.bxtw>,Simon BÈgin <67952005.bxtw>
"Le 12 janvier, le terminus de la ligne 15 - Mascouche, deviendra la Gare Cote-de-Liesse",,11-01-2026,01-26-2026,Actif,MA-MASC-02,Gare Mascouche,11-01-2026,01-20-2026 09:13 AM,01-20-2026 09:13 AM,137,Simon BÈgin <67952005.bxtw>,Simon BÈgin <67952005.bxtw>
"Le 12 janvier, le terminus de la ligne 15 - Mascouche, deviendra la Gare Cote-de-Liesse",,11-01-2026,01-26-2026,Actif,MA-MASC-04,Gare Mascouche,11-01-2026,01-20-2026 09:13 AM,01-20-2026 09:13 AM,138,Simon BÈgin <67952005.bxtw>,Simon BÈgin <67952005.bxtw>
"Le 12 janvier, le terminus de la ligne 15 - Mascouche, deviendra la Gare Cote-de-Liesse",,11-01-2026,01-26-2026,Actif,MA-MASC-11,Gare Mascouche,11-01-2026,01-20-2026 09:13 AM,01-20-2026 09:13 AM,139,Simon BÈgin <67952005.bxtw>,Simon BÈgin <67952005.bxtw>
"Le 12 janvier, le terminus de la ligne 15 - Mascouche, deviendra la Gare Cote-de-Liesse",,11-01-2026,01-26-2026,Actif,MA-MASC-13,Gare Mascouche,11-01-2026,01-20-2026 09:13 AM,01-20-2026 09:13 AM,140,Simon BÈgin <67952005.bxtw>,Simon BÈgin <67952005.bxtw>
"Le 12 janvier, le terminus de la ligne 15 - Mascouche, deviendra la Gare Cote-de-Liesse",,11-01-2026,01-26-2026,Actif,MA-PAT-03,Gare Pointe-aux-Trembles,11-01-2026,01-20-2026 09:13 AM,01-20-2026 09:13 AM,141,Simon BÈgin <67952005.bxtw>,Simon BÈgin <67952005.bxtw>
"Le 12 janvier, le terminus de la ligne 15 - Mascouche, deviendra la Gare Cote-de-Liesse",,11-01-2026,01-26-2026,Actif,MA-PAT-06,Gare Pointe-aux-Trembles,11-01-2026,01-20-2026 09:13 AM,01-20-2026 09:13 AM,142,Simon BÈgin <67952005.bxtw>,Simon BÈgin <67952005.bxtw>
"Le 12 janvier, le terminus de la ligne 15 - Mascouche, deviendra la Gare Cote-de-Liesse",,11-01-2026,01-26-2026,Actif,MA-PAT-08,Gare Pointe-aux-Trembles,11-01-2026,01-20-2026 09:13 AM,01-20-2026 09:13 AM,143,Simon BÈgin <67952005.bxtw>,Simon BÈgin <67952005.bxtw>
"Le 12 janvier, le terminus de la ligne 15 - Mascouche, deviendra la Gare Cote-de-Liesse",,11-01-2026,01-26-2026,Actif,MA-RDP-02,Gare Riviere-des-Prairies,11-01-2026,01-20-2026 09:13 AM,01-20-2026 09:13 AM,144,Simon BÈgin <67952005.bxtw>,Simon BÈgin <67952005.bxtw>
"Le 12 janvier, le terminus de la ligne 15 - Mascouche, deviendra la Gare Cote-de-Liesse",,11-01-2026,01-26-2026,Actif,MA-RDP-04,Gare Riviere-des-Prairies,11-01-2026,01-20-2026 09:13 AM,01-20-2026 09:13 AM,145,Simon BÈgin <67952005.bxtw>,Simon BÈgin <67952005.bxtw>
"Le 12 janvier, le terminus de la ligne 15 - Mascouche, deviendra la Gare Cote-de-Liesse",,11-01-2026,01-26-2026,Actif,MA-RDP-06,Gare Riviere-des-Prairies,11-01-2026,01-20-2026 09:13 AM,01-20-2026 09:13 AM,146,Simon BÈgin <67952005.bxtw>,Simon BÈgin <67952005.bxtw>
"Le 12 janvier, le terminus de la ligne 15 - Mascouche, deviendra la Gare Cote-de-Liesse",,11-01-2026,01-26-2026,Actif,MA-REPE-01,Gare Repentigny,11-01-2026,01-20-2026 09:13 AM,01-20-2026 09:13 AM,147,Simon BÈgin <67952005.bxtw>,Simon BÈgin <67952005.bxtw>
"Le 12 janvier, le terminus de la ligne 15 - Mascouche, deviendra la Gare Cote-de-Liesse",,11-01-2026,01-26-2026,Actif,MA-REPE-08,Gare Repentigny,11-01-2026,01-20-2026 09:13 AM,01-20-2026 09:13 AM,148,Simon BÈgin <67952005.bxtw>,Simon BÈgin <67952005.bxtw>
"Le 12 janvier, le terminus de la ligne 15 - Mascouche, deviendra la Gare Cote-de-Liesse",,11-01-2026,01-26-2026,Actif,MA-REPE-09,Gare Repentigny,11-01-2026,01-20-2026 09:13 AM,01-20-2026 09:13 AM,149,Simon BÈgin <67952005.bxtw>,Simon BÈgin <67952005.bxtw>
"Le 12 janvier, le terminus de la ligne 15 - Mascouche, deviendra la Gare Cote-de-Liesse",,11-01-2026,01-26-2026,Actif,MA-REPE-15,Gare Repentigny,11-01-2026,01-20-2026 09:13 AM,01-20-2026 09:13 AM,150,Simon BÈgin <67952005.bxtw>,Simon BÈgin <67952005.bxtw>
"Le 12 janvier, le terminus de la ligne 15 - Mascouche, deviendra la Gare Cote-de-Liesse",,11-01-2026,01-26-2026,Actif,MA-SAUV-01,Gare Sauve,11-01-2026,01-20-2026 09:13 AM,01-20-2026 09:13 AM,151,Simon BÈgin <67952005.bxtw>,Simon BÈgin <67952005.bxtw>
"Le 12 janvier, le terminus de la ligne 15 - Mascouche, deviendra la Gare Cote-de-Liesse",,11-01-2026,01-26-2026,Actif,MA-SAUV-03,Gare Sauve,11-01-2026,01-20-2026 09:13 AM,01-20-2026 09:13 AM,152,Simon BÈgin <67952005.bxtw>,Simon BÈgin <67952005.bxtw>
"Le 12 janvier, le terminus de la ligne 15 - Mascouche, deviendra la Gare Cote-de-Liesse",,11-01-2026,01-26-2026,Actif,MA-SAUV-06,Gare Sauve,11-01-2026,01-20-2026 09:13 AM,01-20-2026 09:13 AM,153,Simon BÈgin <67952005.bxtw>,Simon BÈgin <67952005.bxtw>
"Le 12 janvier, le terminus de la ligne 15 - Mascouche, deviendra la Gare Cote-de-Liesse",,11-01-2026,01-26-2026,Actif,MA-SAUV-09,Gare Sauve,11-01-2026,01-20-2026 09:13 AM,01-20-2026 09:13 AM,154,Simon BÈgin <67952005.bxtw>,Simon BÈgin <67952005.bxtw>
"Le 12 janvier, le terminus de la ligne 15 - Mascouche, deviendra la Gare Cote-de-Liesse",,11-01-2026,01-26-2026,Actif,MA-SLEO-01,Gare Saint-Leonard-Montreal-Nord,11-01-2026,01-20-2026 09:13 AM,01-20-2026 09:13 AM,155,Simon BÈgin <67952005.bxtw>,Simon BÈgin <67952005.bxtw>
"Le 12 janvier, le terminus de la ligne 15 - Mascouche, deviendra la Gare Cote-de-Liesse",,11-01-2026,01-26-2026,Actif,MA-SLEO-06,Gare Saint-Leonard-Montreal-Nord,11-01-2026,01-20-2026 09:13 AM,01-20-2026 09:13 AM,156,Simon BÈgin <67952005.bxtw>,Simon BÈgin <67952005.bxtw>
"Le 12 janvier, le terminus de la ligne 15 - Mascouche, deviendra la Gare Cote-de-Liesse",,11-01-2026,01-26-2026,Actif,MA-SLEO-13,Gare Saint-Leonard-Montreal-Nord,11-01-2026,01-20-2026 09:13 AM,01-20-2026 09:13 AM,157,Simon BÈgin <67952005.bxtw>,Simon BÈgin <67952005.bxtw>
"Le 12 janvier, le terminus de la ligne 15 - Mascouche, deviendra la Gare Cote-de-Liesse",,11-01-2026,01-26-2026,Actif,MA-SLEO-17,Gare Saint-Leonard-Montreal-Nord,11-01-2026,01-20-2026 09:13 AM,01-20-2026 09:13 AM,158,Simon BÈgin <67952005.bxtw>,Simon BÈgin <67952005.bxtw>
"Le 12 janvier, le terminus de la ligne 15 - Mascouche, deviendra la Gare Cote-de-Liesse",,11-01-2026,01-26-2026,Actif,MA-SMIC-04,Gare Saint-Michel-Montreal-Nord,11-01-2026,01-20-2026 09:13 AM,01-20-2026 09:13 AM,159,Simon BÈgin <67952005.bxtw>,Simon BÈgin <67952005.bxtw>
"Le 12 janvier, le terminus de la ligne 15 - Mascouche, deviendra la Gare Cote-de-Liesse",,11-01-2026,01-26-2026,Actif,MA-SMIC-05,Gare Saint-Michel-Montreal-Nord,11-01-2026,01-20-2026 09:13 AM,01-20-2026 09:13 AM,160,Simon BÈgin <67952005.bxtw>,Simon BÈgin <67952005.bxtw>
"Le 12 janvier, le terminus de la ligne 15 - Mascouche, deviendra la Gare Cote-de-Liesse",,11-01-2026,01-26-2026,Actif,MA-SMIC-10,Gare Saint-Michel-Montreal-Nord,11-01-2026,01-20-2026 09:13 AM,01-20-2026 09:13 AM,161,Simon BÈgin <67952005.bxtw>,Simon BÈgin <67952005.bxtw>
"Le 12 janvier, le terminus de la ligne 15 - Mascouche, deviendra la Gare Cote-de-Liesse",,11-01-2026,01-26-2026,Actif,MA-SMIC-11,Gare Saint-Michel-Montreal-Nord,11-01-2026,01-20-2026 09:13 AM,01-20-2026 09:13 AM,162,Simon BÈgin <67952005.bxtw>,Simon BÈgin <67952005.bxtw>
"Le 12 janvier, le terminus de la ligne 15 - Mascouche, deviendra la Gare Cote-de-Liesse",,11-01-2026,01-26-2026,Actif,MA-TERR-03,Gare Terrebonne,11-01-2026,01-20-2026 09:13 AM,01-20-2026 09:13 AM,163,Simon BÈgin <67952005.bxtw>,Simon BÈgin <67952005.bxtw>
"Le 12 janvier, le terminus de la ligne 15 - Mascouche, deviendra la Gare Cote-de-Liesse",,11-01-2026,01-26-2026,Actif,MA-TERR-07,Gare Terrebonne,11-01-2026,01-20-2026 09:13 AM,01-20-2026 09:13 AM,164,Simon BÈgin <67952005.bxtw>,Simon BÈgin <67952005.bxtw>
"Le 12 janvier, le terminus de la ligne 15 - Mascouche, deviendra la Gare Cote-de-Liesse",,11-01-2026,01-26-2026,Actif,MA-TERR-08,Gare Terrebonne,11-01-2026,01-20-2026 09:13 AM,01-20-2026 09:13 AM,165,Simon BÈgin <67952005.bxtw>,Simon BÈgin <67952005.bxtw>
Campagne hivernale,,11-25-2025,03-31-2026,Actif,MA-CDL-01,Gare Cote-de-Liesse,11-01-2026,01-27-2026 09:14 AM,01-27-2026 09:14 AM,166,Simon BÈgin <67952005.bxtw>,Simon BÈgin <67952005.bxtw>
Campagne hivernale,,11-25-2025,03-31-2026,Actif,MA-CDL-04,Gare Cote-de-Liesse,11-01-2026,01-27-2026 09:14 AM,01-27-2026 09:14 AM,167,Simon BÈgin <67952005.bxtw>,Simon BÈgin <67952005.bxtw>
