Emplacement,Message,Date de d√©but,Date de fin,Statut,# d'Arr√™t,Related voiture,#d'arr√™t ou site,ID du support,Visuel du message,Visuel terrain,No d'EDT,Date Created,Date Modified,Record ID#,Record Owner,Last Modified By
Terminus Repentigny - Quai 2,Greve STM,12-09-2025,04-10-2025,Inactif,,,87719,HC-87719,,,EDT-TOS-02,10-29-2025 12:10 PM,01-20-2026 10:02 AM,6,Simon BÈgin <67952005.bxtw>,Simon BÈgin <67952005.bxtw>
Gare Dorval,Fermeture temporaire - Stationnement Gare Dorval,09-29-2025,09-10-2025,Inactif,,,Gare Dorval,HC-GA-DORV-01,,,EDT-TOS-12,01-20-2026 10:07 AM,01-20-2026 10:07 AM,7,Simon BÈgin <67952005.bxtw>,Simon BÈgin <67952005.bxtw>
Gare Dorval,Fermeture temporaire - Stationnement Gare Dorval,09-29-2025,09-10-2025,Inactif,,,Gare Dorval,HC-GA-DORV-02,,,EDT-TOS-12,01-20-2026 10:07 AM,01-20-2026 10:07 AM,8,Simon BÈgin <67952005.bxtw>,Simon BÈgin <67952005.bxtw>
Gare Dorval,Fermeture temporaire - Stationnement Gare Dorval,09-29-2025,09-10-2025,Inactif,,,Gare Dorval,HC-GA-DORV-03,,,EDT-TOS-12,01-20-2026 10:07 AM,01-20-2026 10:07 AM,9,Simon BÈgin <67952005.bxtw>,Simon BÈgin <67952005.bxtw>
Gare Dorval,Fermeture temporaire - Stationnement Gare Dorval,09-29-2025,09-10-2025,Inactif,,,Gare Dorval,HC-GA-DORV-04,,,EDT-TOS-12,01-20-2026 10:07 AM,01-20-2026 10:07 AM,10,Simon BÈgin <67952005.bxtw>,Simon BÈgin <67952005.bxtw>
Gare Dorval,Fermeture temporaire - Stationnement Gare Dorval,09-29-2025,09-10-2025,Inactif,,,Gare Dorval,HC-GA-DORV-05,,,EDT-TOS-12,01-20-2026 10:07 AM,01-20-2026 10:07 AM,11,Simon BÈgin <67952005.bxtw>,Simon BÈgin <67952005.bxtw>
Gare Dorval,Fermeture temporaire - Stationnement Gare Dorval,09-29-2025,09-10-2025,Inactif,,,Gare Dorval,HC-GA-DORV-06,,,EDT-TOS-12,01-20-2026 10:07 AM,01-20-2026 10:07 AM,12,Simon BÈgin <67952005.bxtw>,Simon BÈgin <67952005.bxtw>
Gare Dorval,Fermeture temporaire - Stationnement Gare Dorval,09-29-2025,09-10-2025,Inactif,,,Gare Dorval,HC-GA-DORV-07,,,EDT-TOS-12,01-20-2026 10:07 AM,01-20-2026 10:07 AM,13,Simon BÈgin <67952005.bxtw>,Simon BÈgin <67952005.bxtw>
Gare Dorval,Fermeture temporaire - Stationnement Gare Dorval,09-29-2025,09-10-2025,Inactif,,,Gare Dorval,HC-GA-DORV-08,,,EDT-TOS-12,01-20-2026 10:07 AM,01-20-2026 10:07 AM,14,Simon BÈgin <67952005.bxtw>,Simon BÈgin <67952005.bxtw>
Gare Dorval,Fermeture temporaire - Stationnement Gare Dorval,09-29-2025,09-10-2025,Inactif,,,Gare Dorval,HC-GA-DORV-09,,,EDT-TOS-12,01-20-2026 10:07 AM,01-20-2026 10:07 AM,15,Simon BÈgin <67952005.bxtw>,Simon BÈgin <67952005.bxtw>
Gare Dorval,Fermeture temporaire - Stationnement Gare Dorval,09-29-2025,09-10-2025,Inactif,,,Gare Dorval,HC-GA-DORV-10,,,EDT-TOS-12,01-20-2026 10:07 AM,01-20-2026 10:07 AM,16,Simon BÈgin <67952005.bxtw>,Simon BÈgin <67952005.bxtw>
Gare Dorval,Fermeture temporaire - Stationnement Gare Dorval,09-29-2025,09-10-2025,Inactif,,,Gare Dorval,HC-GA-DORV-11,,,EDT-TOS-12,01-20-2026 10:07 AM,01-20-2026 10:07 AM,17,Simon BÈgin <67952005.bxtw>,Simon BÈgin <67952005.bxtw>
Gare Dorval,Fermeture temporaire - Stationnement Gare Dorval,09-29-2025,09-10-2025,Inactif,,,Gare Dorval,HC-GA-DORV-12,,,EDT-TOS-12,01-20-2026 10:07 AM,01-20-2026 10:07 AM,18,Simon BÈgin <67952005.bxtw>,Simon BÈgin <67952005.bxtw>
Gare Dorval,Fermeture temporaire - Stationnement Gare Dorval,09-29-2025,09-10-2025,Inactif,,,Gare Dorval,HC-GA-DORV-13,,,EDT-TOS-12,01-20-2026 10:07 AM,01-20-2026 10:07 AM,19,Simon BÈgin <67952005.bxtw>,Simon BÈgin <67952005.bxtw>
Gare Dorval,Fermeture temporaire - Stationnement Gare Dorval,09-29-2025,09-10-2025,Inactif,,,Gare Dorval,HC-GA-DORV-14,,,EDT-TOS-12,01-20-2026 10:07 AM,01-20-2026 10:07 AM,20,Simon BÈgin <67952005.bxtw>,Simon BÈgin <67952005.bxtw>
Terminus Chateauguay,Fermeture Terminus Chateauguay - 4 et 5 octobre,09-27-2025,06-10-2025,Inactif,,,Terminus Chateauguay,HC-TE-CHAT-01,,,EDT-TOS-08,01-20-2026 10:07 AM,01-20-2026 10:07 AM,21,Simon BÈgin <67952005.bxtw>,Simon BÈgin <67952005.bxtw>
Terminus Chateauguay,Fermeture Terminus Chateauguay - 4 et 5 octobre,09-27-2025,06-10-2025,Inactif,,,Terminus Chateauguay,HC-TE-CHAT-02,,,EDT-TOS-08,01-20-2026 10:07 AM,01-20-2026 10:07 AM,22,Simon BÈgin <67952005.bxtw>,Simon BÈgin <67952005.bxtw>
Terminus Chateauguay,Fermeture Terminus Chateauguay - 4 et 5 octobre,09-27-2025,06-10-2025,Inactif,,,Terminus Chateauguay,HC-TE-CHAT-03,,,EDT-TOS-08,01-20-2026 10:07 AM,01-20-2026 10:07 AM,23,Simon BÈgin <67952005.bxtw>,Simon BÈgin <67952005.bxtw>
Gare Hudson,Mesure d'attenuation Pont Ile-aux-tourtes - Fin du rabais a l'achat d'un 10 passages,09-26-2025,01-11-2025,Inactif,,,Gare Hudson,HC-Hudson-3933,,,EDT-TOS-07,01-20-2026 10:07 AM,01-20-2026 10:07 AM,24,Simon BÈgin <67952005.bxtw>,Simon BÈgin <67952005.bxtw>
Gare Pincourt - Terrasse Vaudreuil,Mesure d'attenuation Pont Ile-aux-tourtes - Fin du rabais a l'achat d'un 10 passages,09-26-2025,01-11-2025,Inactif,,,Gare Pincourt - Terrasse Vaudreuil,HC-Pincourt-Terrasse-Vaudreuil-3940,,,EDT-TOS-07,01-20-2026 10:07 AM,01-20-2026 10:07 AM,25,Simon BÈgin <67952005.bxtw>,Simon BÈgin <67952005.bxtw>
Gare Vaudreuil,Mesure d'attenuation Pont Ile-aux-tourtes - Fin du rabais a l'achat d'un 10 passages,09-26-2025,01-11-2025,Inactif,,,Gare Vaudreuil,HC-Vaudreuil-3943,,,EDT-TOS-07,01-20-2026 10:07 AM,01-20-2026 10:07 AM,26,Simon BÈgin <67952005.bxtw>,Simon BÈgin <67952005.bxtw>
Gare Vaudreuil,Mesure d'attenuation Pont Ile-aux-tourtes - Fin du rabais a l'achat d'un 10 passages,09-26-2025,01-11-2025,Inactif,,,Gare Vaudreuil,HC-Vaudreuil-3944,,,EDT-TOS-07,01-20-2026 10:07 AM,01-20-2026 10:07 AM,27,Simon BÈgin <67952005.bxtw>,Simon BÈgin <67952005.bxtw>
Gare Dorion,Mesure d'attenuation Pont Ile-aux-tourtes - Fin du rabais a l'achat d'un 10 passages,09-26-2025,01-11-2025,Inactif,,,Gare Dorion,HC-Dorion-3930,,,EDT-TOS-07,01-20-2026 10:07 AM,01-20-2026 10:07 AM,28,Simon BÈgin <67952005.bxtw>,Simon BÈgin <67952005.bxtw>
Gare Ile-Perrot,Mesure d'attenuation Pont Ile-aux-tourtes - Fin du rabais a l'achat d'un 10 passages,09-26-2025,01-11-2025,Inactif,,,Gare Ile-Perrot,HC-Ile-Perrot-3938,,,EDT-TOS-07,01-20-2026 10:07 AM,01-20-2026 10:07 AM,29,Simon BÈgin <67952005.bxtw>,Simon BÈgin <67952005.bxtw>
Terminus Georges-Gagne - Quai 6,Greve STM,09-20-2025,04-10-2025,Inactif,,,76048,HC-76048,,,EDT-TOS-02,01-20-2026 10:07 AM,01-27-2026 08:38 AM,30,Simon BÈgin <67952005.bxtw>,Simon BÈgin <67952005.bxtw>
Stationnement Beloeil - Quai 1,Greve STM,09-20-2025,04-10-2025,Inactif,,,73218,HC-73218,,,EDT-TOS-02,01-20-2026 10:07 AM,01-27-2026 08:38 AM,31,Simon BÈgin <67952005.bxtw>,Simon BÈgin <67952005.bxtw>
Terminus Georges-Gagne - Quai 6,Greve STM,01-11-2025,12-11-2025,Inactif,,,76048,HC-76048,,,EDT-TOS-25,01-20-2026 10:07 AM,01-27-2026 08:38 AM,32,Simon BÈgin <67952005.bxtw>,Simon BÈgin <67952005.bxtw>
Stationnement Beloeil -Quai 1,Greve STM,01-11-2025,12-11-2025,Inactif,,,73218,HC-73218,,,EDT-TOS-25,01-20-2026 10:07 AM,01-27-2026 08:38 AM,33,Simon BÈgin <67952005.bxtw>,Simon BÈgin <67952005.bxtw>
Terminus Repentigny - Quai 2,Greve STM,01-11-2025,12-11-2025,Inactif,,,87719,HC-87719,,,EDT-TOS-25,01-20-2026 10:07 AM,01-27-2026 08:38 AM,34,Simon BÈgin <67952005.bxtw>,Simon BÈgin <67952005.bxtw>
Terminus Terrebonne - Quai 12,Greve STM,01-11-2025,12-11-2025,Inactif,,,85164,HC-85164,,,EDT-TOS-25,01-20-2026 10:07 AM,01-27-2026 08:38 AM,35,Simon BÈgin <67952005.bxtw>,Simon BÈgin <67952005.bxtw>
Terminus Centre-ville - Quai 15,"Changement d'horaires - Navette 404 et 498, des le 02 fevrier",12-01-2026,09-02-2026,Actif,,,75261,TE-CV-21,,,EDT-TOS-52-B,01-27-2026 08:38 AM,01-27-2026 08:38 AM,36,Simon BÈgin <67952005.bxtw>,Simon BÈgin <67952005.bxtw>
Terminus Centre-ville - Quai 16,"Changement d'horaires - Navette 404 et 498, des le 02 fevrier",12-01-2026,09-02-2026,Actif,,,74212,TE-CV-20,,,EDT-TOS-52-B,01-27-2026 08:38 AM,01-27-2026 08:38 AM,37,Simon BÈgin <67952005.bxtw>,Simon BÈgin <67952005.bxtw>
Station Deux-Montagnes - Quai 4,"Changement d'horaires - Navettes REM, des le 02 fevrier",12-01-2026,09-02-2026,Actif,,,83885,HC-83885-Station Deux-Montagnes - Quai 4,,HC-83885-Station Deux-Montagnes - Quai 4.jpeg,EDT-TOS-52-A,01-27-2026 08:38 AM,01-31-2026 10:34 AM,38,Simon BÈgin <67952005.bxtw>,Simon BÈgin <67952005.bxtw>
Station Deux-Montagnes - Quai 5,"Changement d'horaires - Navettes REM, des le 02 fevrier",12-01-2026,09-02-2026,Actif,,,83886,HC-83886-Station Deux-Montagnes - Quai 5,,HC-83886-Station Deux-Montagnes - Quai 5.jpeg,EDT-TOS-52-A,01-27-2026 08:38 AM,01-31-2026 10:34 AM,39,Simon BÈgin <67952005.bxtw>,Simon BÈgin <67952005.bxtw>
Gare Sainte-Therese (batisse),Modification des heures d'acces du batiment,12-01-2026,12-05-2026,Actif,,,Gare Sainte-Therese,HC-GA-STHE-01,,HC-GA-STHE-01.jpeg,EDT-TOS-51-D,01-29-2026 10:05 AM,01-31-2026 08:58 AM,40,Simon BÈgin <67952005.bxtw>,Simon BÈgin <67952005.bxtw>
Gare Sainte-Therese (batisse),Modification des heures d'acces du batiment,12-01-2026,12-05-2026,Actif,,,Gare Sainte-Therese,HC-GA-STHE-02,,HC-GA-STHE-02.jpeg,EDT-TOS-51-D,01-29-2026 10:05 AM,01-31-2026 08:58 AM,41,Simon BÈgin <67952005.bxtw>,Simon BÈgin <67952005.bxtw>
Gare Sainte-Therese (batisse),Modification des heures d'acces du batiment,12-01-2026,12-05-2026,Actif,,,Gare Sainte-Therese,HC-GA-STHE-03,,HC-GA-STHE-03.jpeg,EDT-TOS-51-D,01-29-2026 10:05 AM,01-31-2026 08:59 AM,42,Simon BÈgin <67952005.bxtw>,Simon BÈgin <67952005.bxtw>
Gare Sainte-Therese (batisse),Modification des heures d'acces du batiment,12-01-2026,12-05-2026,Actif,,,Gare Sainte-Therese,HC-GA-STHE-04,,HC-GA-STHE-04.jpeg,EDT-TOS-51-D,01-29-2026 10:05 AM,01-31-2026 08:59 AM,43,Simon BÈgin <67952005.bxtw>,Simon BÈgin <67952005.bxtw>
Terminus Chateauguay (batisse),Modification des heures d'acces du batiment,12-01-2026,12-05-2026,Actif,,,Terminus Chateauguay,HC-TE-CHAT-01,,HC-TE-CHAT-01.jpeg,EDT-TOS-51-B,01-29-2026 10:05 AM,01-31-2026 09:02 AM,44,Simon BÈgin <67952005.bxtw>,Simon BÈgin <67952005.bxtw>
Terminus Chateauguay (batisse),Modification des heures d'acces du batiment,12-01-2026,12-05-2026,Actif,,,Terminus Chateauguay,HC-TE-CHAT-02,,HC-TE-CHAT-02.jpeg,EDT-TOS-51-B,01-29-2026 10:05 AM,01-31-2026 09:03 AM,45,Simon BÈgin <67952005.bxtw>,Simon BÈgin <67952005.bxtw>
Terminus Chateauguay (batisse),Modification des heures d'acces du batiment,12-01-2026,12-05-2026,Actif,,,Terminus Chateauguay,HC-TE-CHAT-03,,HC-TE-CHAT-03.jpeg,EDT-TOS-51-B,01-29-2026 10:05 AM,01-31-2026 09:04 AM,46,Simon BÈgin <67952005.bxtw>,Simon BÈgin <67952005.bxtw>
 Terminus Chateauguay (batisse),Modification des heures d'acces du batiment,12-01-2026,12-05-2026,Actif,,,Terminus Chateauguay,HC-TE-CHAT-04,,HC-TE-CHAT-04.jpeg,EDT-TOS-51-B,01-29-2026 10:05 AM,01-31-2026 09:01 AM,47,Simon BÈgin <67952005.bxtw>,Simon BÈgin <67952005.bxtw>
Terminus Chateauguay (batisse),Modification des heures d'acces du batiment,12-01-2026,12-05-2026,Actif,,,Terminus Chateauguay,HC-TE-CHAT-05,,HC-TE-CHAT-05.jpeg,EDT-TOS-51-B,01-29-2026 10:05 AM,01-31-2026 09:04 AM,48,Simon BÈgin <67952005.bxtw>,Simon BÈgin <67952005.bxtw>
 Terminus Chateauguay (batisse),Modification des heures d'acces du batiment,12-01-2026,12-05-2026,Actif,,,Terminus Chateauguay,HC-TE-CHAT-06,,HC-TE-CHAT-06.jpeg,EDT-TOS-51-B,01-29-2026 10:05 AM,01-31-2026 09:01 AM,49,Simon BÈgin <67952005.bxtw>,Simon BÈgin <67952005.bxtw>
Gare Vaudreuil (batisse),Modification des heures d'acces du batiment,12-01-2026,12-05-2026,Actif,,,Gare Vaudreuil,HC-GA-VAUD-01,,HC-GA-VAUD-01.jpeg,EDT-TOS-51-A,01-29-2026 10:05 AM,01-31-2026 08:54 AM,50,Simon BÈgin <67952005.bxtw>,Simon BÈgin <67952005.bxtw>
Gare Vaudreuil (batisse),Modification des heures d'acces du batiment,12-01-2026,12-05-2026,Actif,,,Gare Vaudreuil,HC-GA-VAUD-02,,HC-GA-VAUD-02.jpeg,EDT-TOS-51-A,01-29-2026 10:05 AM,01-31-2026 08:55 AM,51,Simon BÈgin <67952005.bxtw>,Simon BÈgin <67952005.bxtw>
Gare Vaudreuil (batisse),Modification des heures d'acces du batiment,12-01-2026,12-05-2026,Actif,,,Gare Vaudreuil,HC-GA-VAUD-03,,HC-GA-VAUD-03.jpeg,EDT-TOS-51-A,01-29-2026 10:05 AM,01-31-2026 08:56 AM,52,Simon BÈgin <67952005.bxtw>,Simon BÈgin <67952005.bxtw>
Gare Vaudreuil (batisse),Modification des heures d'acces du batiment,12-01-2026,12-05-2026,Actif,,,Gare Vaudreuil,HC-GA-VAUD-04,,HC-GA-VAUD-04.jpeg,EDT-TOS-51-A,01-29-2026 10:05 AM,01-31-2026 08:57 AM,53,Simon BÈgin <67952005.bxtw>,Simon BÈgin <67952005.bxtw>
Terminus Repentigny (batisse),Modification des heures d'acces du batiment,12-01-2026,12-05-2026,Actif,,,Terminus Repentigny,HC-TE-REPE-01,,HC-TE-REPE-01.jpeg,EDT-TOS-51-C,01-29-2026 10:05 AM,01-31-2026 10:13 AM,54,Simon BÈgin <67952005.bxtw>,Simon BÈgin <67952005.bxtw>
Terminus Repentigny (batisse),Modification des heures d'acces du batiment,12-01-2026,12-05-2026,Actif,,,Terminus Repentigny,HC-TE-REPE-02,,HC-TE-REPE-02.jpeg,EDT-TOS-51-C,01-29-2026 10:05 AM,01-31-2026 10:14 AM,55,Simon BÈgin <67952005.bxtw>,Simon BÈgin <67952005.bxtw>
Terminus Repentigny (batisse),Modification des heures d'acces du batiment,12-01-2026,12-05-2026,Actif,,,Terminus Repentigny,HC-TE-REPE-03,,HC-TE-REPE-03.jpeg,EDT-TOS-51-C,01-29-2026 10:05 AM,01-31-2026 10:15 AM,56,Simon BÈgin <67952005.bxtw>,Simon BÈgin <67952005.bxtw>
Terminus Repentigny (batisse),Modification des heures d'acces du batiment,12-01-2026,12-05-2026,Actif,,,Terminus Repentigny,TC-TE-REPE-04,,HC-TE-REPE-04.jpeg,EDT-TOS-51-C,01-29-2026 10:05 AM,01-31-2026 10:15 AM,57,Simon BÈgin <67952005.bxtw>,Simon BÈgin <67952005.bxtw>
Terminus Saint-Eustache,Fermeture du Terminus Saint-Eustache,12-10-2025,10-12-2025,Inactif,,,Terminus Saint-Eustache,HC-TE-EUST-01,,,EDT-TOS-20,01-31-2026 10:45 AM,01-31-2026 10:45 AM,58,Simon BÈgin <67952005.bxtw>,Simon BÈgin <67952005.bxtw>
Terminus Saint-Eustache,Fermeture du Terminus Saint-Eustache,12-10-2025,10-12-2025,Inactif,,,Terminus Saint-Eustache,HC-TE-EUST-02,,,EDT-TOS-20,01-31-2026 10:45 AM,01-31-2026 10:45 AM,59,Simon BÈgin <67952005.bxtw>,Simon BÈgin <67952005.bxtw>
"College Lionel-Groulx, Quai 7",Plan operationnel - College Lionel-Groulx,03-19-2026,04-07-2026,Actif,,,HA-82075,HC-82075-Saint-Louis - Du Chanoine-Lionel-Groulx,,HC-82075-Saint-Louis - du Chanoine-Lionel-Groulx - Quai 7.jpeg,EDT-TOS-68,03-26-2026 09:36 AM,03-26-2026 09:40 AM,60,Simon BÈgin <67952005.bxtw>,Simon BÈgin <67952005.bxtw>
"College Lionel-Groulx, Quai 1",Plan operationnel - College Lionel-Groulx,03-19-2026,04-07-2026,Actif,,,HA-82076,HA-82076,,HC-82076-Saint-Louis - Saint-Charles (Coll√®ge Lionel-Groulx) Quai 1.jpeg,EDT-TOS-68,03-26-2026 09:42 AM,03-26-2026 09:42 AM,61,Simon BÈgin <67952005.bxtw>,Simon BÈgin <67952005.bxtw>
"College Lionel-Groulx, Quai 6",Plan operationnel - College Lionel-Groulx,03-19-2026,04-07-2026,Actif,,,HA-83241,HA-83241,,HC-83241-Saint-Louis - Saint-Charles (Coll√®ge Lionel-Groulx) - Quai 6.jpeg,EDT-TOS-68,03-26-2026 09:42 AM,03-26-2026 09:43 AM,62,Simon BÈgin <67952005.bxtw>,Simon BÈgin <67952005.bxtw>
"College Lionel-Groulx, Quai 4",Plan operationnel - College Lionel-Groulx,03-19-2026,04-07-2026,Actif,,,HA-86260,HA-86260,,HC-86260-Saint-Louis - Saint-Charles (Coll√®ge Lionel-Groulx) Quai 4.jpeg,EDT-TOS-68,03-26-2026 09:42 AM,03-26-2026 09:43 AM,63,Simon BÈgin <67952005.bxtw>,Simon BÈgin <67952005.bxtw>
