Type de campagne,Nom de la campagne,Medium d'affichage,Format,Nom d√©taill√© du visuel,Quantit√© en entrepot,Quantit√© en expo,Date de d√©but,Date de fin,Statut de la campagne,Visuel,Statut apr√®s periode d'affichage,Date du dernier d√©compte,Date Created,Date Modified,Record ID#,Record Owner,Last Modified By
Affichage informationnel,Acces a l'edicule restreint,Polypropylene flexible,20 x 28,Acces a l'edicule - Gare,12,0,S/O,S/O,Actif,,Message d'actualit√©,12-03-2026,03-15-2026 10:33 PM,03-15-2026 10:33 PM,248,Simon BÈgin <67952005.bxtw>,Simon BÈgin <67952005.bxtw>
Affichage informationnel,Acces a l'edicule restreint,Autocollant,,Acces a l'edicule - Gare,3,50,S/O,S/O,Actif,,Message d'actualit√©,12-03-2026,03-15-2026 10:33 PM,03-15-2026 10:33 PM,249,Simon BÈgin <67952005.bxtw>,Simon BÈgin <67952005.bxtw>
Affichage informationnel,Acces a l'edicule restreint,Autocollant,,Acces a l'edicule - Terminus,3,4,S/O,S/O,Actif,,Message d'actualit√©,12-03-2026,03-15-2026 10:33 PM,03-15-2026 10:33 PM,250,Simon BÈgin <67952005.bxtw>,Simon BÈgin <67952005.bxtw>
Affichage informationnel,Acces a l'edicule restreint,Autocollant,,Acces a l'edicule et au tunnel (Montreal-Ouest),0,0,S/O,S/O,Actif,,Message d'actualit√©,12-03-2026,03-15-2026 10:33 PM,03-15-2026 10:33 PM,251,Simon BÈgin <67952005.bxtw>,Simon BÈgin <67952005.bxtw>
Campagnes promotionnelles/marketing,Acquisition et stimulation de l'automne,Polypropylene flexible,24.25 x 18,On vous accompagne au restaurant,0,6,S/O,01-01-2025,Inactif,,"D√©suet, √† recycler",12-03-2026,03-15-2026 10:33 PM,03-15-2026 10:33 PM,252,Simon BÈgin <67952005.bxtw>,Simon BÈgin <67952005.bxtw>
Campagnes promotionnelles/marketing,Acquisition et stimulation de l'automne,Polypropylene flexible,24.25 x 18,On vous accompagne √† l'epicerie,0,5,S/O,01-01-2025,Inactif,,"D√©suet, √† recycler",12-03-2026,03-15-2026 10:33 PM,03-15-2026 10:33 PM,253,Simon BÈgin <67952005.bxtw>,Simon BÈgin <67952005.bxtw>
Campagnes promotionnelles/marketing,Acquisition et stimulation de l'automne,Polypropylene flexible,20 x 28,Visuel A ‚Äì Nadine,45,9,01-09-2024,,Actif,,Message p√©renne - Affiche Filler,12-03-2026,03-15-2026 10:33 PM,03-28-2026 11:17 AM,254,Simon BÈgin <67952005.bxtw>,Simon BÈgin <67952005.bxtw>
Campagnes promotionnelles/marketing,Acquisition et stimulation de l'automne,Polypropylene flexible,24.25 x 18,Visuel A ‚Äì Nadine,24,1,01-09-2024,,Actif,,Message p√©renne - Affiche Filler,12-03-2026,03-15-2026 10:33 PM,03-15-2026 10:33 PM,255,Simon BÈgin <67952005.bxtw>,Simon BÈgin <67952005.bxtw>
Campagnes promotionnelles/marketing,Acquisition et stimulation de l'automne,Polypropylene flexible,26 x 20,Visuel A ‚Äì Nadine,12,0,01-09-2024,,Actif,,Message p√©renne - Affiche Filler,12-03-2026,03-15-2026 10:33 PM,03-15-2026 10:33 PM,256,Simon BÈgin <67952005.bxtw>,Simon BÈgin <67952005.bxtw>
Campagnes promotionnelles/marketing,Acquisition et stimulation de l'automne,Polypropylene flexible,20 x 28,Visuel B - Joe,49,6,01-09-2024,,Actif,,Message p√©renne - Affiche Filler,12-03-2026,03-15-2026 10:33 PM,04-14-2026 10:26 AM,257,Simon BÈgin <67952005.bxtw>,Simon BÈgin <67952005.bxtw>
Campagnes promotionnelles/marketing,Acquisition et stimulation de l'automne,Polypropylene flexible,24.25 x 18,Visuel B - Joe,26,1,01-09-2024,,Actif,,Message p√©renne - Affiche Filler,12-03-2026,03-15-2026 10:33 PM,03-15-2026 10:33 PM,258,Simon BÈgin <67952005.bxtw>,Simon BÈgin <67952005.bxtw>
Campagnes promotionnelles/marketing,Acquisition et stimulation de l'automne,Polypropylene flexible,26 x 20,Visuel B - Joe,12,0,01-09-2024,,Actif,,Message p√©renne - Affiche Filler,12-03-2026,03-15-2026 10:33 PM,03-15-2026 10:33 PM,259,Simon BÈgin <67952005.bxtw>,Simon BÈgin <67952005.bxtw>
Campagnes promotionnelles/marketing,Acquisition et stimulation de l'automne,Polypropylene flexible,20 x 28,Visuel C ‚Äì Kathryn,48,5,01-09-2024,,Actif,,Message p√©renne - Affiche Filler,12-03-2026,03-15-2026 10:33 PM,04-12-2026 08:48 AM,260,Simon BÈgin <67952005.bxtw>,Simon BÈgin <67952005.bxtw>
Campagnes promotionnelles/marketing,Acquisition et stimulation de l'automne,Polypropylene flexible,24.25 x 18,Visuel C ‚Äì Kathryn,25,0,01-09-2024,,Actif,,Message p√©renne - Affiche Filler,12-03-2026,03-15-2026 10:33 PM,03-15-2026 10:33 PM,261,Simon BÈgin <67952005.bxtw>,Simon BÈgin <67952005.bxtw>
Campagnes promotionnelles/marketing,Acquisition et stimulation de l'automne,Polypropylene flexible,26 x 20,Visuel C ‚Äì Kathryn,12,0,01-09-2024,,Actif,,Message p√©renne - Affiche Filler,12-03-2026,03-15-2026 10:33 PM,03-15-2026 10:33 PM,262,Simon BÈgin <67952005.bxtw>,Simon BÈgin <67952005.bxtw>
Campagnes promotionnelles/marketing,Allo Velo,Sintra,20 x 24,Allo Velo,0,1,01-05-2025,10-31-2025,Inactif,,√Ä conserver pour prochain besoin,12-03-2026,03-15-2026 10:33 PM,03-15-2026 10:33 PM,263,Simon BÈgin <67952005.bxtw>,Simon BÈgin <67952005.bxtw>
Campagnes promotionnelles/marketing,Allo Velo,Polypropylene flexible,20 x 28,Allo Velo,3,4,01-05-2025,10-31-2025,Inactif,,√Ä conserver pour prochain besoin,12-03-2026,03-15-2026 10:33 PM,03-15-2026 10:33 PM,264,Simon BÈgin <67952005.bxtw>,Simon BÈgin <67952005.bxtw>
Campagnes promotionnelles/marketing,Allo Velo,Sintra,41 x 24,Allo Velo,0,2,01-05-2025,10-31-2025,Inactif,,√Ä conserver pour prochain besoin,12-03-2026,03-15-2026 10:33 PM,03-15-2026 10:33 PM,265,Simon BÈgin <67952005.bxtw>,Simon BÈgin <67952005.bxtw>
Communication et sensibilisation,Amelioration des communications,Polypropylene flexible,20 x 28,Bonne nouvelle! Exo ameliore ses communications,43,9,S/O,S/O,Actif,,Message perenne - affiche filler,12-03-2026,03-15-2026 10:33 PM,03-15-2026 10:33 PM,266,Simon BÈgin <67952005.bxtw>,Simon BÈgin <67952005.bxtw>
Communication et sensibilisation,Amelioration des communications,Polypropylene flexible,26 x 20,Bonne nouvelle! Exo ameliore ses communications,5,2,S/O,S/O,Actif,,Message perenne - affiche filler,12-03-2026,03-15-2026 10:33 PM,03-15-2026 10:33 PM,267,Simon BÈgin <67952005.bxtw>,Simon BÈgin <67952005.bxtw>
Communication et sensibilisation,Amelioration des communications,Polypropylene flexible,24.25 x 18,Bonne nouvelle! Exo ameliore ses communications,20,2,S/O,S/O,Actif,,Message perenne - affiche filler,12-03-2026,03-15-2026 10:33 PM,03-15-2026 10:33 PM,268,Simon BÈgin <67952005.bxtw>,Simon BÈgin <67952005.bxtw>
Campagnes promotionnelles/marketing,ARTM - Le temps file pour les etudiants,Polypropylene flexible,20 x 28,Le temps file pour les √©tudiants,5,0,S/O,S/O,Inactif,,√Ä conserver pour prochain besoin,12-03-2026,03-15-2026 10:33 PM,03-15-2026 10:33 PM,269,Simon BÈgin <67952005.bxtw>,Simon BÈgin <67952005.bxtw>
Communication et sensibilisation,ARTM - Pour verifier le contenu de vos cartes,Polypropylene flexible,24.25 x 18,ARTM - Pour verifier le contenu de vos cartes,3,3,S/O,S/O,Inactif,,"D√©suet, √† recycler",12-03-2026,03-15-2026 10:33 PM,03-15-2026 10:33 PM,270,Simon BÈgin <67952005.bxtw>,Simon BÈgin <67952005.bxtw>
Campagnes promotionnelles/marketing,ARTM - Profitez de l'√©t√©,Polypropylene flexible,20 x 28,ARTM - D√©placez vous √† volont√©,32,0,S/O,S/O,Inactif,,√Ä conserver pour prochain besoin,12-03-2026,03-15-2026 10:33 PM,03-15-2026 10:33 PM,271,Simon BÈgin <67952005.bxtw>,Simon BÈgin <67952005.bxtw>
Campagnes promotionnelles/marketing,Bienvenue √† bord,Polypropylene flexible,24.25 x 18,Bienvenue √† bord,14,2,S/O,S/O,Actif,,Message p√©renne - Affiche Filler,12-03-2026,03-15-2026 10:33 PM,03-15-2026 10:33 PM,272,Simon BÈgin <67952005.bxtw>,Simon BÈgin <67952005.bxtw>
Campagnes promotionnelles/marketing,Bienvenue √† bord,Polypropylene flexible,26 x 20,Bienvenue √† bord,55,9,S/O,S/O,Actif,,Message p√©renne - Affiche Filler,12-03-2026,03-15-2026 10:33 PM,03-15-2026 10:33 PM,273,Simon BÈgin <67952005.bxtw>,Simon BÈgin <67952005.bxtw>
Affichage informationnel,Billeterie - Heures d'ouverture,Autocollant,11 x 17,Heures d'ouverture - PDVS Repentigny,0,4,S/O,S/O,Actif,,Message d'actualit√©,12-03-2026,03-15-2026 10:33 PM,03-15-2026 10:33 PM,274,Simon BÈgin <67952005.bxtw>,Simon BÈgin <67952005.bxtw>
Affichage informationnel,Billeterie - Heures d'ouverture,Autocollant,11 x 17,Heures d'ouverture - PDVS Terrebonne,0,4,S/O,S/O,Actif,,Message d'actualit√©,12-03-2026,03-15-2026 10:33 PM,03-15-2026 10:33 PM,275,Simon BÈgin <67952005.bxtw>,Simon BÈgin <67952005.bxtw>
Affichage informationnel,Borne de recharge,Autocollant,,Borne de recharge (Autocollant),0,2,S/O,S/O,Actif,,Message d'actualit√©,12-03-2026,03-15-2026 10:33 PM,03-15-2026 10:33 PM,276,Simon BÈgin <67952005.bxtw>,Simon BÈgin <67952005.bxtw>
Affichage informationnel,Borne de recharge,Coroplast,,Borne de recharge (Coroplast),0,2,S/O,S/O,Actif,,Message d'actualit√©,12-03-2026,03-15-2026 10:33 PM,03-15-2026 10:33 PM,277,Simon BÈgin <67952005.bxtw>,Simon BÈgin <67952005.bxtw>
Communication et sensibilisation,Campagne hivernale,Polypropylene flexible,20 x 28,On vous accompagne en tout temps - Visuel Abri,25,40,01-12-2025,31-03-2026,Actif,,√Ä conserver pour prochain besoin,12-03-2026,03-15-2026 10:33 PM,03-28-2026 11:26 AM,278,Simon BÈgin <67952005.bxtw>,Simon BÈgin <67952005.bxtw>
Communication et sensibilisation,Campagne hivernale,Polypropylene flexible,20 x 28,On vous accompagne en tout temps - Visuel Autobus,6,15,01-12-2025,31-03-2026,Actif,,√Ä conserver pour prochain besoin,12-03-2026,03-15-2026 10:33 PM,03-28-2026 11:07 AM,279,Simon BÈgin <67952005.bxtw>,Simon BÈgin <67952005.bxtw>
Communication et sensibilisation,Campagne hivernale,Polypropylene flexible,20 x 28,On vous accompagne en tout temps - Visuel Charrue,8,10,01-12-2025,31-03-2026,Actif,,√Ä conserver pour prochain besoin,12-03-2026,03-15-2026 10:33 PM,03-15-2026 10:33 PM,280,Simon BÈgin <67952005.bxtw>,Simon BÈgin <67952005.bxtw>
Communication et sensibilisation,Campagne hivernale,Polypropylene flexible,20 x 28,On vous accompagne en tout temps - Visuel Train,17,51,01-12-2025,31-03-2026,Actif,,√Ä conserver pour prochain besoin,12-03-2026,03-15-2026 10:33 PM,03-15-2026 10:33 PM,281,Simon BÈgin <67952005.bxtw>,Simon BÈgin <67952005.bxtw>
Affichage informationnel,Centre d'information (CI),Sintra,41-3/16 x 24-3/32,Bienvenue a votre gare EXO,4,12,05/01/2026,S/O,Actif,,Message d'actualit√©,12-03-2026,03-15-2026 10:33 PM,03-15-2026 10:33 PM,282,Simon BÈgin <67952005.bxtw>,Simon BÈgin <67952005.bxtw>
Affichage informationnel,Centre d'information (CI),Sintra,45 x 19-3/4,Bienvenue a votre gare EXO,8,52,05/01/2026,S/O,Actif,,Message d'actualit√©,12-03-2026,03-15-2026 10:33 PM,03-15-2026 10:33 PM,283,Simon BÈgin <67952005.bxtw>,Simon BÈgin <67952005.bxtw>
Affichage informationnel,Centre d'information (CI),Sintra,,Carte des environs AMT - Ahuntsic,0,1,S/O,S/O,Actif,,Message d'actualit√©,12-03-2026,03-15-2026 10:33 PM,03-15-2026 10:33 PM,284,Simon BÈgin <67952005.bxtw>,Simon BÈgin <67952005.bxtw>
Affichage informationnel,Centre d'information (CI),Sintra,,Carte des environs AMT - Anjou,0,1,S/O,S/O,Actif,,Message d'actualit√©,12-03-2026,03-15-2026 10:33 PM,03-15-2026 10:33 PM,285,Simon BÈgin <67952005.bxtw>,Simon BÈgin <67952005.bxtw>
Affichage informationnel,Centre d'information (CI),Sintra,,Carte des environs AMT - Beaconsfield,0,1,S/O,S/O,Actif,,Message d'actualit√©,12-03-2026,03-15-2026 10:33 PM,03-15-2026 10:33 PM,286,Simon BÈgin <67952005.bxtw>,Simon BÈgin <67952005.bxtw>
Affichage informationnel,Centre d'information (CI),Sintra,,Carte des environs AMT - Beaurepaire,0,1,S/O,S/O,Actif,,Message d'actualit√©,12-03-2026,03-15-2026 10:33 PM,03-15-2026 10:33 PM,287,Simon BÈgin <67952005.bxtw>,Simon BÈgin <67952005.bxtw>
Affichage informationnel,Centre d'information (CI),Sintra,,Carte des environs AMT - Candiac,0,1,S/O,S/O,Actif,,Message d'actualit√©,12-03-2026,03-15-2026 10:33 PM,03-15-2026 10:33 PM,288,Simon BÈgin <67952005.bxtw>,Simon BÈgin <67952005.bxtw>
Affichage informationnel,Centre d'information (CI),Sintra,,Carte des environs AMT - Chabanel,0,1,S/O,S/O,Actif,,Message d'actualit√©,12-03-2026,03-15-2026 10:33 PM,03-15-2026 10:33 PM,289,Simon BÈgin <67952005.bxtw>,Simon BÈgin <67952005.bxtw>
Affichage informationnel,Centre d'information (CI),Sintra,,Carte des environs AMT - De la Concorde,0,1,S/O,S/O,Actif,,Message d'actualit√©,12-03-2026,03-15-2026 10:33 PM,03-15-2026 10:33 PM,290,Simon BÈgin <67952005.bxtw>,Simon BÈgin <67952005.bxtw>
Affichage informationnel,Centre d'information (CI),Sintra,,Carte des environs AMT - Dorion,0,1,S/O,S/O,Actif,,Message d'actualit√©,12-03-2026,03-15-2026 10:33 PM,03-15-2026 10:33 PM,291,Simon BÈgin <67952005.bxtw>,Simon BÈgin <67952005.bxtw>
Affichage informationnel,Centre d'information (CI),Sintra,,Carte des environs AMT - Du Canal,0,1,S/O,S/O,Actif,,Message d'actualit√©,12-03-2026,03-15-2026 10:33 PM,03-15-2026 10:33 PM,292,Simon BÈgin <67952005.bxtw>,Simon BÈgin <67952005.bxtw>
Affichage informationnel,Centre d'information (CI),Sintra,,Carte des environs AMT - Lachine,0,1,S/O,S/O,Actif,,Message d'actualit√©,12-03-2026,03-15-2026 10:33 PM,03-15-2026 10:33 PM,293,Simon BÈgin <67952005.bxtw>,Simon BÈgin <67952005.bxtw>
Affichage informationnel,Centre d'information (CI),Sintra,,Carte des environs AMT - Longueuil-St-Hubert,0,1,S/O,S/O,Actif,,Message d'actualit√©,12-03-2026,03-15-2026 10:33 PM,03-15-2026 10:33 PM,294,Simon BÈgin <67952005.bxtw>,Simon BÈgin <67952005.bxtw>
Affichage informationnel,Centre d'information (CI),Sintra,,Carte des environs AMT - Mascouche,0,1,S/O,S/O,Actif,,Message d'actualit√©,12-03-2026,03-15-2026 10:33 PM,03-15-2026 10:33 PM,295,Simon BÈgin <67952005.bxtw>,Simon BÈgin <67952005.bxtw>
Affichage informationnel,Centre d'information (CI),Sintra,,Carte des environs AMT - McMasterville,0,2,S/O,S/O,Actif,,Message d'actualit√©,12-03-2026,03-15-2026 10:33 PM,03-15-2026 10:33 PM,296,Simon BÈgin <67952005.bxtw>,Simon BÈgin <67952005.bxtw>
Affichage informationnel,Centre d'information (CI),Sintra,,Carte des environs AMT - Parc,0,1,S/O,S/O,Actif,,Message d'actualit√©,12-03-2026,03-15-2026 10:33 PM,03-15-2026 10:33 PM,297,Simon BÈgin <67952005.bxtw>,Simon BÈgin <67952005.bxtw>
Affichage informationnel,Centre d'information (CI),Sintra,,Carte des environs AMT - Pincourt-Terasse-Vaudreuil,0,1,S/O,S/O,Actif,,Message d'actualit√©,12-03-2026,03-15-2026 10:33 PM,03-15-2026 10:33 PM,298,Simon BÈgin <67952005.bxtw>,Simon BÈgin <67952005.bxtw>
Affichage informationnel,Centre d'information (CI),Sintra,,Carte des environs AMT - Pine Beach,0,1,S/O,S/O,Actif,,Message d'actualit√©,12-03-2026,03-15-2026 10:33 PM,03-15-2026 10:33 PM,299,Simon BÈgin <67952005.bxtw>,Simon BÈgin <67952005.bxtw>
Affichage informationnel,Centre d'information (CI),Sintra,,Carte des environs AMT - Pointe-aux-Trembles,0,1,S/O,S/O,Actif,,Message d'actualit√©,12-03-2026,03-15-2026 10:33 PM,03-15-2026 10:33 PM,300,Simon BÈgin <67952005.bxtw>,Simon BÈgin <67952005.bxtw>
Affichage informationnel,Centre d'information (CI),Sintra,,Carte des environs AMT - Repentigny,0,2,S/O,S/O,Actif,,Message d'actualit√©,12-03-2026,03-15-2026 10:33 PM,03-15-2026 10:33 PM,301,Simon BÈgin <67952005.bxtw>,Simon BÈgin <67952005.bxtw>
Affichage informationnel,Centre d'information (CI),Sintra,,Carte des environs AMT - Riviere-des-Prairies,0,2,S/O,S/O,Actif,,Message d'actualit√©,12-03-2026,03-15-2026 10:33 PM,03-15-2026 10:33 PM,302,Simon BÈgin <67952005.bxtw>,Simon BÈgin <67952005.bxtw>
Affichage informationnel,Centre d'information (CI),Sintra,,Carte des environs AMT - Rosemere,0,1,S/O,S/O,Actif,,Message d'actualit√©,12-03-2026,03-15-2026 10:33 PM,03-15-2026 10:33 PM,303,Simon BÈgin <67952005.bxtw>,Simon BÈgin <67952005.bxtw>
Affichage informationnel,Centre d'information (CI),Sintra,,Carte des environs AMT - Sauve,0,1,S/O,S/O,Actif,,Message d'actualit√©,12-03-2026,03-15-2026 10:33 PM,03-15-2026 10:33 PM,304,Simon BÈgin <67952005.bxtw>,Simon BÈgin <67952005.bxtw>
Affichage informationnel,Centre d'information (CI),Sintra,,Carte des environs AMT - St-Basile-le-Grand,0,1,S/O,S/O,Actif,,Message d'actualit√©,12-03-2026,03-15-2026 10:33 PM,03-15-2026 10:33 PM,305,Simon BÈgin <67952005.bxtw>,Simon BÈgin <67952005.bxtw>
Affichage informationnel,Centre d'information (CI),Sintra,,Carte des environs AMT - St-Bruno,0,1,S/O,S/O,Actif,,Message d'actualit√©,12-03-2026,03-15-2026 10:33 PM,03-15-2026 10:33 PM,306,Simon BÈgin <67952005.bxtw>,Simon BÈgin <67952005.bxtw>
Affichage informationnel,Centre d'information (CI),Sintra,,Carte des environs AMT - St-Constant,0,1,S/O,S/O,Actif,,Message d'actualit√©,12-03-2026,03-15-2026 10:33 PM,03-15-2026 10:33 PM,307,Simon BÈgin <67952005.bxtw>,Simon BÈgin <67952005.bxtw>
Affichage informationnel,Centre d'information (CI),Sintra,,Carte des environs AMT - Ste-Anne-de-Bellevue,0,1,S/O,S/O,Actif,,Message d'actualit√©,12-03-2026,03-15-2026 10:33 PM,03-15-2026 10:33 PM,308,Simon BÈgin <67952005.bxtw>,Simon BÈgin <67952005.bxtw>
Affichage informationnel,Centre d'information (CI),Sintra,,Carte des environs AMT - Ste-Rose,0,1,S/O,S/O,Actif,,Message d'actualit√©,12-03-2026,03-15-2026 10:33 PM,03-15-2026 10:33 PM,309,Simon BÈgin <67952005.bxtw>,Simon BÈgin <67952005.bxtw>
Affichage informationnel,Centre d'information (CI),Sintra,,Carte des environs AMT - Ste-Therese,0,1,S/O,S/O,Actif,,Message d'actualit√©,12-03-2026,03-15-2026 10:33 PM,03-15-2026 10:33 PM,310,Simon BÈgin <67952005.bxtw>,Simon BÈgin <67952005.bxtw>
Affichage informationnel,Centre d'information (CI),Sintra,,Carte des environs AMT - St-Lambert,0,1,S/O,S/O,Actif,,Message d'actualit√©,12-03-2026,03-15-2026 10:33 PM,03-15-2026 10:33 PM,311,Simon BÈgin <67952005.bxtw>,Simon BÈgin <67952005.bxtw>
Affichage informationnel,Centre d'information (CI),Sintra,,Carte des environs AMT - St-Leonard-Montreal-Nord,0,2,S/O,S/O,Actif,,Message d'actualit√©,12-03-2026,03-15-2026 10:33 PM,03-15-2026 10:33 PM,312,Simon BÈgin <67952005.bxtw>,Simon BÈgin <67952005.bxtw>
Affichage informationnel,Centre d'information (CI),Sintra,,Carte des environs AMT - St-Michel-Montreal-Nord,0,2,S/O,S/O,Actif,,Message d'actualit√©,12-03-2026,03-15-2026 10:33 PM,03-15-2026 10:33 PM,313,Simon BÈgin <67952005.bxtw>,Simon BÈgin <67952005.bxtw>
Affichage informationnel,Centre d'information (CI),Sintra,,Carte des environs AMT - Valois,0,1,S/O,S/O,Actif,,Message d'actualit√©,12-03-2026,03-15-2026 10:33 PM,03-15-2026 10:33 PM,314,Simon BÈgin <67952005.bxtw>,Simon BÈgin <67952005.bxtw>
Affichage informationnel,Centre d'information (CI),Sintra,,Carte des environs AMT - Vaudreuil,0,1,S/O,S/O,Actif,,Message d'actualit√©,12-03-2026,03-15-2026 10:33 PM,03-15-2026 10:33 PM,315,Simon BÈgin <67952005.bxtw>,Simon BÈgin <67952005.bxtw>
Affichage informationnel,Centre d'information (CI),Sintra,,Carte des environs AMT - Vimont,0,1,S/O,S/O,Actif,,Message d'actualit√©,12-03-2026,03-15-2026 10:33 PM,03-15-2026 10:33 PM,316,Simon BÈgin <67952005.bxtw>,Simon BÈgin <67952005.bxtw>
Affichage informationnel,Centre d'information (CI),Sintra,41-3/16 x 24-3/32,Cles pour bien voyager AMT,0,1,S/O,S/O,Actif,,Message d'actualit√©,12-03-2026,03-15-2026 10:33 PM,03-15-2026 10:33 PM,317,Simon BÈgin <67952005.bxtw>,Simon BÈgin <67952005.bxtw>
Affichage informationnel,Centre d'information (CI),Sintra,45 x 19-3/4,Cles pour bien voyager AMT,0,3,S/O,S/O,Actif,,Message d'actualit√©,12-03-2026,03-15-2026 10:33 PM,03-15-2026 10:33 PM,318,Simon BÈgin <67952005.bxtw>,Simon BÈgin <67952005.bxtw>
Affichage informationnel,Centre d'information (CI),Sintra,20 x 28,Etat du service - exo (6 lignes),0,20,S/O,S/O,Inactif,,"Desuet, a recycler",12-03-2026,03-15-2026 10:33 PM,03-15-2026 10:33 PM,319,Simon BÈgin <67952005.bxtw>,Simon BÈgin <67952005.bxtw>
Affichage informationnel,Centre d'information (CI),Sintra,41-3/16 x 24-3/32,Horaire - Candiac (2024-12),0,7,S/O,S/O,Actif,,"Desuet, a recycler",12-03-2026,03-15-2026 10:33 PM,03-15-2026 10:33 PM,320,Simon BÈgin <67952005.bxtw>,Simon BÈgin <67952005.bxtw>
Affichage informationnel,Centre d'information (CI),Sintra,45 x 19-3/4,Horaire - Candiac (2024-12),0,3,S/O,S/O,Actif,,"Desuet, a recycler",12-03-2026,03-15-2026 10:33 PM,03-15-2026 10:33 PM,321,Simon BÈgin <67952005.bxtw>,Simon BÈgin <67952005.bxtw>
Affichage informationnel,Centre d'information (CI),Sintra,20 x 28,Horaire - Mascouche (2025-12),0,0,S/O,S/O,Actif,,"Desuet, a recycler",12-03-2026,03-15-2026 10:33 PM,03-15-2026 10:33 PM,322,Simon BÈgin <67952005.bxtw>,Simon BÈgin <67952005.bxtw>
Affichage informationnel,Centre d'information (CI),Sintra,41-3/16 x 24-3/32,Horaire - Mascouche (2025-12),4,21,10-01-2026,S/O,Actif,,"Desuet, a recycler",12-03-2026,03-15-2026 10:33 PM,03-15-2026 10:33 PM,323,Simon BÈgin <67952005.bxtw>,Simon BÈgin <67952005.bxtw>
Affichage informationnel,Centre d'information (CI),Sintra,20 x 28,Horaire - Mont-St-Hilaire (2023-11),0,3,S/O,S/O,Actif,,"Desuet, a recycler",12-03-2026,03-15-2026 10:33 PM,03-15-2026 10:33 PM,324,Simon BÈgin <67952005.bxtw>,Simon BÈgin <67952005.bxtw>
Affichage informationnel,Centre d'information (CI),Sintra,41-3/16 x 24-3/32,Horaire - Mont-St-Hilaire (2023-11),0,8,S/O,S/O,Actif,,"Desuet, a recycler",12-03-2026,03-15-2026 10:33 PM,03-15-2026 10:33 PM,325,Simon BÈgin <67952005.bxtw>,Simon BÈgin <67952005.bxtw>
Affichage informationnel,Centre d'information (CI),Sintra,41-3/16 x 24-3/32,Horaire - Vaudreuil/Hudson (2024-12),0,17,S/O,S/O,Actif,,"Desuet, a recycler",12-03-2026,03-15-2026 10:33 PM,03-15-2026 10:33 PM,326,Simon BÈgin <67952005.bxtw>,Simon BÈgin <67952005.bxtw>
Affichage informationnel,Centre d'information (CI),Sintra,45 x 19-3/4,Horaire - Vaudreuil/Hudson (2024-12),0,4,S/O,S/O,Actif,,"Desuet, a recycler",12-03-2026,03-15-2026 10:33 PM,03-15-2026 10:33 PM,327,Simon BÈgin <67952005.bxtw>,Simon BÈgin <67952005.bxtw>
Affichage informationnel,Centre d'information (CI),Sintra,,Normes de comportement AMT,0,1,S/O,S/O,Actif,,"Desuet, a recycler",12-03-2026,03-15-2026 10:33 PM,03-15-2026 10:33 PM,328,Simon BÈgin <67952005.bxtw>,Simon BÈgin <67952005.bxtw>
Affichage informationnel,Centre d'information (CI),Sintra,,Nouveaux titres,0,1,S/O,S/O,Inactif,,"Desuet, a recycler",12-03-2026,03-15-2026 10:33 PM,03-15-2026 10:33 PM,329,Simon BÈgin <67952005.bxtw>,Simon BÈgin <67952005.bxtw>
Affichage informationnel,Centre d'information (CI),Sintra,,Plan - Terminus Chateauguay (V3),0,2,S/O,S/O,Actif,,"Desuet, a recycler",12-03-2026,03-15-2026 10:33 PM,03-15-2026 10:33 PM,330,Simon BÈgin <67952005.bxtw>,Simon BÈgin <67952005.bxtw>
Affichage informationnel,Centre d'information (CI),Sintra,,Secteur de Repentigny et environs (2023),0,1,S/O,S/O,Actif,,A conserver pour prochain besoin,12-03-2026,03-15-2026 10:33 PM,03-15-2026 10:33 PM,331,Simon BÈgin <67952005.bxtw>,Simon BÈgin <67952005.bxtw>
Affichage informationnel,Centre d'information (CI),Sintra,20 x 28,Validez votre titre de transport (2023),0,56,S/O,S/O,Actif,,A conserver pour prochain besoin,12-03-2026,03-15-2026 10:33 PM,03-15-2026 10:33 PM,332,Simon BÈgin <67952005.bxtw>,Simon BÈgin <67952005.bxtw>
Communication et sensibilisation,Civisme,Polypropylene flexible,20 x 28,Cher sourire - Respect des chauffeurs,24,0,S/O,S/O,Inactif,,Message p√©renne - Affiche Filler,12-03-2026,03-15-2026 10:33 PM,03-15-2026 10:33 PM,333,Simon BÈgin <67952005.bxtw>,Simon BÈgin <67952005.bxtw>
Communication et sensibilisation,Civisme,Polypropylene flexible,20 x 28,Avis aux si√®ges - Sac a dos,15,105,01-02-2026,01-04-2026,Actif,,Message p√©renne - Affiche Filler,12-03-2026,03-15-2026 10:33 PM,03-15-2026 10:33 PM,334,Simon BÈgin <67952005.bxtw>,Simon BÈgin <67952005.bxtw>
Communication et sensibilisation,Civisme,Polypropylene flexible,20 x 28,Chere voix - Train,32,96,01-02-2026,01-04-2026,Actif,,Message p√©renne - Affiche Filler,12-03-2026,03-15-2026 10:33 PM,03-15-2026 10:33 PM,335,Simon BÈgin <67952005.bxtw>,Simon BÈgin <67952005.bxtw>
Communication et sensibilisation,Civisme,Polypropylene flexible,20 x 28,Cher respect - Respect des inspecteurs,20,80,01-02-2026,01-04-2026,Actif,,Message p√©renne - Affiche Filler,12-03-2026,03-15-2026 10:33 PM,03-15-2026 10:33 PM,336,Simon BÈgin <67952005.bxtw>,Simon BÈgin <67952005.bxtw>
Communication et sensibilisation,Civisme,Polypropylene flexible,20 x 28,Chere voix - Autobus,9,20,01-02-2026,01-04-2026,Actif,,Message p√©renne - Affiche Filler,12-03-2026,03-15-2026 10:33 PM,03-22-2026 10:51 AM,337,Simon BÈgin <67952005.bxtw>,Simon BÈgin <67952005.bxtw>
Communication et sensibilisation,Civisme,Polypropylene flexible,20 x 28,Avis aux sacs a dos - Autobus,11,23,01-02-2026,01-04-2026,Actif,,Message p√©renne - Affiche Filler,12-03-2026,03-15-2026 10:33 PM,03-15-2026 10:33 PM,338,Simon BÈgin <67952005.bxtw>,Simon BÈgin <67952005.bxtw>
Habillage,DAT - Habillage exo,Autocollant,4.5 x 2.375,DAT - ANNULER,22,91,S/O,S/O,Actif,,A conserver pour prochain besoin,12-03-2026,03-15-2026 10:33 PM,03-15-2026 10:33 PM,339,Simon BÈgin <67952005.bxtw>,Simon BÈgin <67952005.bxtw>
Habillage,DAT - Habillage exo,Autocollant,4.625 x 2.25,DAT - AUCUN ARGENT COMPTANT,29,57,S/O,S/O,Actif,,A  conserver pour prochain besoin,12-03-2026,03-15-2026 10:33 PM,03-15-2026 10:33 PM,340,Simon BÈgin <67952005.bxtw>,Simon BÈgin <67952005.bxtw>
Habillage,DAT - Habillage exo,Autocollant,,DAT - BIEN CHOISIR SON TITRE DE TRANSPORT,0,86,S/O,S/O,Actif,,√Ä conserver pour prochain besoin,12-03-2026,03-15-2026 10:33 PM,03-15-2026 10:33 PM,341,Simon BÈgin <67952005.bxtw>,Simon BÈgin <67952005.bxtw>
Habillage,DAT - Habillage exo,Autocollant,8.8031 x 17.435,DAT - BUS (AVEC ARGENT),7,,S/O,S/O,Actif,,√Ä conserver pour prochain besoin,12-03-2026,03-15-2026 10:33 PM,03-15-2026 10:33 PM,342,Simon BÈgin <67952005.bxtw>,Simon BÈgin <67952005.bxtw>
Habillage,DAT - Habillage exo,Autocollant,8.8031 x 17.435,DAT - BUS (SANS ARGENT),8,,S/O,S/O,Actif,,√Ä conserver pour prochain besoin,12-03-2026,03-15-2026 10:33 PM,03-15-2026 10:33 PM,343,Simon BÈgin <67952005.bxtw>,Simon BÈgin <67952005.bxtw>
Habillage,DAT - Habillage exo,Autocollant,0.625 x 1,DAT - CARTE OPUS,35,96,S/O,S/O,Actif,,√Ä conserver pour prochain besoin,12-03-2026,03-15-2026 10:33 PM,03-15-2026 10:33 PM,344,Simon BÈgin <67952005.bxtw>,Simon BÈgin <67952005.bxtw>
Habillage,DAT - Habillage exo,Autocollant,2.8934 x 3.5058,DAT - ECOUTEUR,10,110,S/O,S/O,Actif,,√Ä conserver pour prochain besoin,12-03-2026,03-15-2026 10:33 PM,03-15-2026 10:33 PM,345,Simon BÈgin <67952005.bxtw>,Simon BÈgin <67952005.bxtw>
Habillage,DAT - Habillage exo,Autocollant,8.0139 x 2.5139,DAT - ICI AVEC ARGENT COMPTANT,52,3,S/O,S/O,Actif,,√Ä conserver pour prochain besoin,12-03-2026,03-15-2026 10:33 PM,03-15-2026 10:33 PM,346,Simon BÈgin <67952005.bxtw>,Simon BÈgin <67952005.bxtw>
Habillage,DAT - Habillage exo,Autocollant,8.0139 x 2.5139,DAT - ICI SANS ARGENT COMPTANT,30,54,S/O,S/O,Actif,,√Ä conserver pour prochain besoin,12-03-2026,03-15-2026 10:33 PM,03-15-2026 10:33 PM,347,Simon BÈgin <67952005.bxtw>,Simon BÈgin <67952005.bxtw>
Habillage,DAT - Habillage exo,Autocollant,1.4 x 4.5,DAT - IDENTIFICATION,0,91,S/O,S/O,Actif,,√Ä conserver pour prochain besoin,12-03-2026,03-15-2026 10:33 PM,03-15-2026 10:33 PM,348,Simon BÈgin <67952005.bxtw>,Simon BÈgin <67952005.bxtw>
Habillage,DAT - Habillage exo,Autocollant,4.625 x 2.25,"DAT - PAIEMENT ARGENT COMPTANT 5,10,20",61,,S/O,S/O,Actif,,√Ä conserver pour prochain besoin,12-03-2026,03-15-2026 10:33 PM,03-15-2026 10:33 PM,349,Simon BÈgin <67952005.bxtw>,Simon BÈgin <67952005.bxtw>
Habillage,DAT - Habillage exo,Autocollant,16.5 x 2.25,DAT - PLAN LIGNE 11/12/14 ZONE A (2023),3,27,S/O,S/O,Actif,,√Ä conserver pour prochain besoin,12-03-2026,03-15-2026 10:33 PM,03-15-2026 10:33 PM,350,Simon BÈgin <67952005.bxtw>,Simon BÈgin <67952005.bxtw>
Habillage,DAT - Habillage exo,Autocollant,16.5 x 2.25,DAT - PLAN LIGNE 11/12/14 ZONE B (2023),6,3,S/O,S/O,Actif,,√Ä conserver pour prochain besoin,12-03-2026,03-15-2026 10:33 PM,03-15-2026 10:33 PM,351,Simon BÈgin <67952005.bxtw>,Simon BÈgin <67952005.bxtw>
Habillage,DAT - Habillage exo,Autocollant,16.5 x 2.25,DAT - PLAN LIGNE 11/12/14 ZONE C (2023),6,16,S/O,S/O,Actif,,√Ä conserver pour prochain besoin,12-03-2026,03-15-2026 10:33 PM,03-15-2026 10:33 PM,352,Simon BÈgin <67952005.bxtw>,Simon BÈgin <67952005.bxtw>
Habillage,DAT - Habillage exo,Autocollant,16.5 x 2.25,DAT - PLAN LIGNE 13/15 ZONE A (2025),46,16,23-12-2025,S/O,Actif,,√Ä conserver pour prochain besoin,12-03-2026,03-15-2026 10:33 PM,03-15-2026 10:33 PM,353,Simon BÈgin <67952005.bxtw>,Simon BÈgin <67952005.bxtw>
Habillage,DAT - Habillage exo,Autocollant,16.5 x 2.25,DAT - PLAN LIGNE 13/15 ZONE B (2025),23,3,23-12-2025,S/O,Actif,,√Ä conserver pour prochain besoin,12-03-2026,03-15-2026 10:33 PM,03-15-2026 10:33 PM,354,Simon BÈgin <67952005.bxtw>,Simon BÈgin <67952005.bxtw>
Habillage,DAT - Habillage exo,Autocollant,16.5 x 2.25,DAT - PLAN LIGNE 13/15 ZONE C (2025),15,9,23-12-2025,S/O,Actif,,√Ä conserver pour prochain besoin,12-03-2026,03-15-2026 10:33 PM,03-15-2026 10:33 PM,355,Simon BÈgin <67952005.bxtw>,Simon BÈgin <67952005.bxtw>
Habillage,DAT - Habillage exo,Autocollant,8.8031 x 17.435,DAT - TRAIN (AVEC ARGENT),72,,S/O,S/O,Actif,,√Ä conserver pour prochain besoin,12-03-2026,03-15-2026 10:33 PM,03-15-2026 10:33 PM,356,Simon BÈgin <67952005.bxtw>,Simon BÈgin <67952005.bxtw>
Habillage,DAT - Habillage exo,Autocollant,8.8031 x 17.435,DAT - TRAIN (SANS ARGENT),5,,S/O,S/O,Actif,,√Ä conserver pour prochain besoin,12-03-2026,03-15-2026 10:33 PM,03-15-2026 10:33 PM,357,Simon BÈgin <67952005.bxtw>,Simon BÈgin <67952005.bxtw>
Habillage,DAT - Habillage exo,Autocollant,3.75 x 1,"DAT - VISA, MASTERCARD, INTERAC",21,91,S/O,S/O,Actif,,√Ä conserver pour prochain besoin,12-03-2026,03-15-2026 10:33 PM,03-15-2026 10:33 PM,358,Simon BÈgin <67952005.bxtw>,Simon BÈgin <67952005.bxtw>
Habillage,DAT - Habillage Exo,Autocollant,8.8031 x 17.435,DAT - BUS (AVEC ARGENT) - Super Adh√©sif (Flexcon),6,2,S/O,S/O,Actif,,A conserver pour prochain besoin,12-03-2026,03-15-2026 10:33 PM,03-15-2026 10:33 PM,359,Simon BÈgin <67952005.bxtw>,Simon BÈgin <67952005.bxtw>
Communication et sensibilisation,Des questions sur les services exo?,Polypropylene flexible,20 x 28,Des questions sur les services exo?,3,0,S/O,S/O,Inactif,,Message d'actualite,12-03-2026,03-15-2026 10:33 PM,03-15-2026 10:33 PM,360,Simon BÈgin <67952005.bxtw>,Simon BÈgin <67952005.bxtw>
Communication et sensibilisation,Enquete web mobilite,Autocollant,8.5 x 11,Enquete mobilite - Bleu,2,0,S/O,S/O,Inactif,,A conserver pour prochain besoin,12-03-2026,03-15-2026 10:33 PM,03-15-2026 10:33 PM,361,Simon BÈgin <67952005.bxtw>,Simon BÈgin <67952005.bxtw>
Communication et sensibilisation,Enquete web mobilite,Polypropylene flexible,20 x 28,Enquete mobilite - Bleu,35,0,S/O,S/O,Inactif,,A conserver pour prochain besoin,12-03-2026,03-15-2026 10:33 PM,03-15-2026 10:33 PM,362,Simon BÈgin <67952005.bxtw>,Simon BÈgin <67952005.bxtw>
Communication et sensibilisation,Enquete web mobilite,Polypropylene flexible,20 x 28,Enquete mobilite - Mauve,35,0,S/O,S/O,Inactif,,A conserver pour prochain besoin,12-03-2026,03-15-2026 10:33 PM,03-15-2026 10:33 PM,363,Simon BÈgin <67952005.bxtw>,Simon BÈgin <67952005.bxtw>
Communication et sensibilisation,Enquete web mobilite,Autocollant,8.5 x 11,Enquete mobilite - P√™che,3,0,S/O,S/O,Inactif,,A conserver pour prochain besoin,12-03-2026,03-15-2026 10:33 PM,03-15-2026 10:33 PM,364,Simon BÈgin <67952005.bxtw>,Simon BÈgin <67952005.bxtw>
Communication et sensibilisation,Enquete web mobilite,Polypropylene flexible,20 x 28,Enquete mobilite - P√™che,33,0,S/O,S/O,Inactif,,A conserver pour prochain besoin,12-03-2026,03-15-2026 10:33 PM,03-15-2026 10:33 PM,365,Simon BÈgin <67952005.bxtw>,Simon BÈgin <67952005.bxtw>
Communication et sensibilisation,Enquete web mobilite,Autocollant,8.5 x 11,Enquete mobilite - Rouge,3,0,S/O,S/O,Inactif,,A conserver pour prochain besoin,12-03-2026,03-15-2026 10:33 PM,03-15-2026 10:33 PM,366,Simon BÈgin <67952005.bxtw>,Simon BÈgin <67952005.bxtw>
Communication et sensibilisation,Enquete web mobilite,Polypropylene flexible,20 x 28,Enquete mobilite - Rouge,37,0,S/O,S/O,Inactif,,A conserver pour prochain besoin,12-03-2026,03-15-2026 10:33 PM,03-15-2026 10:33 PM,367,Simon BÈgin <67952005.bxtw>,Simon BÈgin <67952005.bxtw>
Communication et sensibilisation,Enquete web mobilite,Polypropylene flexible,20 x 28,Enquete mobilite - Vert,38,0,S/O,S/O,Inactif,,A conserver pour prochain besoin,12-03-2026,03-15-2026 10:33 PM,03-15-2026 10:33 PM,368,Simon BÈgin <67952005.bxtw>,Simon BÈgin <67952005.bxtw>
Communication et sensibilisation,Enquete web mobilite,Polypropylene flexible,20 x 28,Enquete mobilite - Vert pale,38,0,S/O,S/O,Inactif,,A conserver pour prochain besoin,12-03-2026,03-15-2026 10:33 PM,03-15-2026 10:33 PM,369,Simon BÈgin <67952005.bxtw>,Simon BÈgin <67952005.bxtw>
Communication et sensibilisation,Enquete web mobilite,Autocollant,8.5 x 11,Enquete mobilite - Turquoise,3,0,S/O,S/O,Inactif,,A conserver pour prochain besoin,12-03-2026,03-15-2026 10:33 PM,03-15-2026 10:33 PM,370,Simon BÈgin <67952005.bxtw>,Simon BÈgin <67952005.bxtw>
Communication et sensibilisation,Exo a la demande,Polypropylene flexible,20 x 28,Exo a la demande (Beloeil/McMasterville) - Novembre 2023,8,5,S/O,S/O,Actif,,Message d'actualite,12-03-2026,03-15-2026 10:33 PM,03-15-2026 10:33 PM,371,Simon BÈgin <67952005.bxtw>,Simon BÈgin <67952005.bxtw>
Communication et sensibilisation,Exo a la demande,Polypropylene flexible,20 x 28,Exo a la demande (Terrebonne) - 2024,11,6,S/O,S/O,Actif,,Message d'actualite,12-03-2026,03-15-2026 10:33 PM,03-15-2026 10:33 PM,372,Simon BÈgin <67952005.bxtw>,Simon BÈgin <67952005.bxtw>
Communication et sensibilisation,Exo a la demande,Polypropylene flexible,12.7 x 34.25,Exo a la demande (Terrebonne) - 2024,0,,S/O,S/O,Actif,,Message d'actualite,12-03-2026,03-15-2026 10:33 PM,03-15-2026 10:33 PM,373,Simon BÈgin <67952005.bxtw>,Simon BÈgin <67952005.bxtw>
Communication et sensibilisation,Exo a la demande,Polypropylene flexible,5.75 x 23.75,Exo a la demande (Terrebonne) - 2024,3,0,S/O,S/O,Actif,,Message d'actualite,12-03-2026,03-15-2026 10:33 PM,03-15-2026 10:33 PM,374,Simon BÈgin <67952005.bxtw>,Simon BÈgin <67952005.bxtw>
Communication et sensibilisation,Exo a l'ecoute,Polypropylene flexible,20 x 24,Exo a l'ecoute,0,1,S/O,S/O,Actif,,Message perenne - affiche filler,12-03-2026,03-15-2026 10:33 PM,03-15-2026 10:33 PM,375,Simon BÈgin <67952005.bxtw>,Simon BÈgin <67952005.bxtw>
Communication et sensibilisation,Exo a l'ecoute,Polypropylene flexible,20 x 28,Exo a l'ecoute,136,28,S/O,S/O,Actif,,Message perenne - affiche filler,12-03-2026,03-15-2026 10:33 PM,03-15-2026 10:33 PM,376,Simon BÈgin <67952005.bxtw>,Simon BÈgin <67952005.bxtw>
Communication et sensibilisation,Exo a l'ecoute,Polypropylene flexible,24.25 x 18,Exo a l'ecoute,91,66,S/O,S/O,Actif,,Message perenne - affiche filler,12-03-2026,03-15-2026 10:33 PM,03-15-2026 10:33 PM,377,Simon BÈgin <67952005.bxtw>,Simon BÈgin <67952005.bxtw>
Communication et sensibilisation,Exo a l'ecoute,Polypropylene flexible,41.19 x 24.09,Exo a l'ecoute,0,1,S/O,S/O,Actif,,Message perenne - affiche filler,12-03-2026,03-15-2026 10:33 PM,03-15-2026 10:33 PM,378,Simon BÈgin <67952005.bxtw>,Simon BÈgin <67952005.bxtw>
Communication et sensibilisation,Exo info,Polypropylene flexible,,Fermeture de voie 2 - Vendome,0,10,S/O,30-04-2026,Actif,,"Desuet, a recycler",12-03-2026,03-15-2026 10:33 PM,03-15-2026 10:33 PM,379,Simon BÈgin <67952005.bxtw>,Simon BÈgin <67952005.bxtw>
Communication et sensibilisation,Exo info,Polypropylene flexible,,Fermeture de Voie 3 - Vendome,0,0,S/O,30-04-2026,Actif,,"Desuet, a recycler",12-03-2026,03-15-2026 10:33 PM,03-15-2026 10:33 PM,380,Simon BÈgin <67952005.bxtw>,Simon BÈgin <67952005.bxtw>
Communication et sensibilisation,Exo info,Polypropylene flexible,,Travaux Vendome - 31 mars 2025,13,10,S/O,30-04-2026,Actif,,"Desuet, a recycler",12-03-2026,03-15-2026 10:33 PM,03-15-2026 10:33 PM,381,Simon BÈgin <67952005.bxtw>,Simon BÈgin <67952005.bxtw>
Communication  et sensibilisation,Exo Surete,Polypropylene flexible,20 x 28,"Votre securite, notre priorite",328,0,S/O,S/O,Actif,,Message d'actualite,12-03-2026,03-15-2026 10:33 PM,03-15-2026 10:33 PM,382,Simon BÈgin <67952005.bxtw>,Simon BÈgin <67952005.bxtw>
Communication et sensibilisation,Exo Surete,Polypropylene flexible,24.25 x 18,"Votre securite, notre priorite",212,0,S/O,S/O,Inactif,,Message d'actualite,12-03-2026,03-15-2026 10:33 PM,03-15-2026 10:33 PM,383,Simon BÈgin <67952005.bxtw>,Simon BÈgin <67952005.bxtw>
Campagnes promotionnelles/marketing,Fermier de famille,Polypropylene flexible,20 x 28,Fermier de famille,4,0,01-09-2025,10-31-2025,Inactif,,√Ä conserver pour prochain besoin,12-03-2026,03-15-2026 10:33 PM,05-04-2026 11:01 AM,384,Simon BÈgin <67952005.bxtw>,Simon BÈgin <67952005.bxtw>
Communication et sensibilisation,NaviLens,Polypropylene flexible,,Du nouveau dans les transports collectifs,1,26,S/O,S/O,Actif,,Message d'actualite,12-03-2026,03-15-2026 10:33 PM,04-15-2026 08:08 AM,385,Simon BÈgin <67952005.bxtw>,Simon BÈgin <67952005.bxtw>
Communication et sensibilisation,Opus,Polypropylene flexible,20 x 28,Evitez la file,9,5,S/O,S/O,Actif,,Message perenne - affiche filler,12-03-2026,03-15-2026 10:33 PM,03-15-2026 10:33 PM,386,Simon BÈgin <67952005.bxtw>,Simon BÈgin <67952005.bxtw>
Communication et sensibilisation,Opus,Polypropylene flexible,"24,25 x 18",Evitez la file,60,26,S/O,S/O,Actif,,Message perenne - affiche filler,12-03-2026,03-15-2026 10:33 PM,03-15-2026 10:33 PM,387,Simon BÈgin <67952005.bxtw>,Simon BÈgin <67952005.bxtw>
Communication et sensibilisation,Opus,Polypropylene flexible,20 x 28,Pour recharger votre carte,193,10,S/O,S/O,Actif,,Message perenne - affiche filler,12-03-2026,03-15-2026 10:33 PM,04-12-2026 08:49 AM,388,Simon BÈgin <67952005.bxtw>,Simon BÈgin <67952005.bxtw>
Communication et sensibilisation,Opus,Polypropylene flexible,"24,25 x 18",Pour recharger votre carte,59,25,S/O,S/O,Actif,,Message perenne - affiche filler,12-03-2026,03-15-2026 10:33 PM,03-15-2026 10:33 PM,389,Simon BÈgin <67952005.bxtw>,Simon BÈgin <67952005.bxtw>
Communication et sensibilisation,Opus,Polypropylene flexible,20 x 28,Nouveau - Evitez la file,73,3,S/O,S/O,Actif,,Message d'actualite,12-03-2026,03-15-2026 10:33 PM,03-15-2026 10:33 PM,390,Simon BÈgin <67952005.bxtw>,Simon BÈgin <67952005.bxtw>
Communication et sensibilisation,Outils,Polypropylene flexible,20 x 24,Soyez avises des perturbations de service,9,3,S/O,S/O,Actif,,Message perenne - affiche filler,12-03-2026,03-15-2026 10:33 PM,03-15-2026 10:33 PM,391,Simon BÈgin <67952005.bxtw>,Simon BÈgin <67952005.bxtw>
Communication et sensibilisation,Outils,Polypropylene flexible,"20,66 X 41,66",Soyez avises des perturbations de service,13,2,S/O,S/O,Actif,,Message perenne - affiche filler,12-03-2026,03-15-2026 10:33 PM,03-15-2026 10:33 PM,392,Simon BÈgin <67952005.bxtw>,Simon BÈgin <67952005.bxtw>
Communication et sensibilisation,Outils,Polypropylene flexible,20 x 28,Soyez avises des perturbations de service,149,41,S/O,S/O,Actif,,Message perenne - affiche filler,12-03-2026,03-15-2026 10:33 PM,03-15-2026 10:33 PM,393,Simon BÈgin <67952005.bxtw>,Simon BÈgin <67952005.bxtw>
Communication et sensibilisation,Outils,Polypropylene flexible,"24,25 x 18",Soyez avises des perturbations de service,46,12,S/O,S/O,Actif,,Message perenne - affiche filler,12-03-2026,03-15-2026 10:33 PM,03-15-2026 10:33 PM,394,Simon BÈgin <67952005.bxtw>,Simon BÈgin <67952005.bxtw>
Communication et sensibilisation,Outils,Polypropylene flexible,26 x 20,Soyez avises des perturbations de service,31,7,S/O,S/O,Actif,,Message perenne - affiche filler,12-03-2026,03-15-2026 10:33 PM,03-15-2026 10:33 PM,395,Simon BÈgin <67952005.bxtw>,Simon BÈgin <67952005.bxtw>
Communication et sensibilisation,Paiement comptant et correspondances,Polypropylene flexible,"12,7 x 34,25",Paiement comptant et correspondances,,24,S/O,02-02-2026,Inactif,,"Desuet, a recycler",12-03-2026,03-15-2026 10:33 PM,03-15-2026 10:33 PM,396,Simon BÈgin <67952005.bxtw>,Simon BÈgin <67952005.bxtw>
Communication et sensibilisation,Paiement comptant et correspondances,Polypropylene flexible,"24,625 X 24,625",Paiement comptant et correspondances,,73,S/O,S/O,Inactif,,"Desuet, a recycler",12-03-2026,03-15-2026 10:33 PM,03-15-2026 10:33 PM,397,Simon BÈgin <67952005.bxtw>,Simon BÈgin <67952005.bxtw>
Communication et sensibilisation,Paiement ouvert,Polypropylene flexible,20 x 28,"Tapez, payez et voyagez",3,2,S/O,S/O,Actif,,Message perenne - affiche filler,12-03-2026,03-15-2026 10:33 PM,03-28-2026 11:07 AM,398,Simon BÈgin <67952005.bxtw>,Simon BÈgin <67952005.bxtw>
Affichage informationnel,Plan metropolitain,Sintra,"43,5 x 24,75",Plan metropolitain (2025),9,3,S/O,S/O,Inactif,,"Desuet, a recycler",12-03-2026,03-15-2026 10:33 PM,03-15-2026 10:33 PM,399,Simon BÈgin <67952005.bxtw>,Simon BÈgin <67952005.bxtw>
Affichage informationnel,Plan metropolitain,Polypropylene flexible,26 x 20,Plan metropolitain,14,81,S/O,S/O,Actif,,Message d'actualite,12-03-2026,03-15-2026 10:33 PM,03-15-2026 10:33 PM,400,Simon BÈgin <67952005.bxtw>,Simon BÈgin <67952005.bxtw>
Affichage informationnel,Plan metropolitain,Sintra,21 x 33,Plan metropolitain,11,23,S/O,S/O,Actif,,Message d'actualite,12-03-2026,03-15-2026 10:33 PM,03-15-2026 10:33 PM,401,Simon BÈgin <67952005.bxtw>,Simon BÈgin <67952005.bxtw>
Affichage informationnel,Plan metropolitain,Polypropylene flexible,"24,25 x 18",Plan metropolitain,55,42,S/O,S/O,Actif,,Message d'actualite,12-03-2026,03-15-2026 10:33 PM,03-15-2026 10:33 PM,402,Simon BÈgin <67952005.bxtw>,Simon BÈgin <67952005.bxtw>
Affichage informationnel,Plan metropolitain,Sintra,41-3/16 x 24-3/32,Plan metropolitain,12,75,S/O,S/O,Actif,,Message d'actualite,12-03-2026,03-15-2026 10:33 PM,03-15-2026 10:33 PM,403,Simon BÈgin <67952005.bxtw>,Simon BÈgin <67952005.bxtw>
Affichage informationnel,Points de vente a proximite,Polypropylene flexible,,Points de vente a proximite (T. Repentigny),0,1,S/O,S/O,Actif,,Message d'actualite,12-03-2026,03-15-2026 10:33 PM,03-15-2026 10:33 PM,404,Simon BÈgin <67952005.bxtw>,Simon BÈgin <67952005.bxtw>
Communication et sensibilisation,Qmatic,Polypropylene flexible,20 x 28,Prenez un numero,0,3,S/O,S/O,Actif,,Message d'actualite,12-03-2026,03-15-2026 10:33 PM,03-15-2026 10:33 PM,405,Simon BÈgin <67952005.bxtw>,Simon BÈgin <67952005.bxtw>
Communication et sensibilisation,Refonte tarifaire,Polypropylene flexible,,Refonte tarifaire 2022 (V2000-3000),0,3,S/O,S/O,Inactif,,"Desuet, a recycler",12-03-2026,03-15-2026 10:33 PM,03-19-2026 06:36 PM,406,Simon BÈgin <67952005.bxtw>,Maryl√®ne Blanchette <68163323.ijrh>
Communication et sensibilisation,Securite,Polypropylene flexible,20 x 28,Arretez aux feux rouges (Fond rouge),6,0,S/O,S/O,Actif,,Message d'actualit√©,12-03-2026,03-15-2026 10:33 PM,03-15-2026 10:33 PM,407,Simon BÈgin <67952005.bxtw>,Simon BÈgin <67952005.bxtw>
Communication et sensibilisation,Securite,Polypropylene flexible,20 x 28,Arretez aux feux rouges (Fond noir),12,5,S/O,S/O,Actif,,Message d'actualit√©,12-03-2026,03-15-2026 10:33 PM,03-15-2026 10:33 PM,408,Simon BÈgin <67952005.bxtw>,Simon BÈgin <67952005.bxtw>
Communication et sensibilisation,Securite,Polypropylene flexible,20 x 28,Dispersez-vous quais,0,1,S/O,S/O,Actif,,Message d'actualite,12-03-2026,03-15-2026 10:33 PM,03-15-2026 10:33 PM,409,Simon BÈgin <67952005.bxtw>,Simon BÈgin <67952005.bxtw>
Communication  et sensibilisation,Securite,Polypropylene flexible,20 x 28,Dispersez-vous quais et escaliers,16,0,S/O,S/O,Actif,,Message d'actualite,12-03-2026,03-15-2026 10:33 PM,03-15-2026 10:33 PM,410,Simon BÈgin <67952005.bxtw>,Simon BÈgin <67952005.bxtw>
Communication et sensibilisation,Securite,Polypropylene flexible,20 x 28,Interdit de marcher sur la voie ferree,17,10,S/O,S/O,Actif,,Message d'actualite,12-03-2026,03-15-2026 10:33 PM,03-15-2026 10:33 PM,411,Simon BÈgin <67952005.bxtw>,Simon BÈgin <67952005.bxtw>
Communication et sensibilisation,Securite,Polypropylene flexible,20 x 28,Les trains arrivent des deux cotes,16,3,S/O,S/O,Inactif,,Message d'actualite,12-03-2026,03-15-2026 10:33 PM,03-15-2026 10:33 PM,412,Simon BÈgin <67952005.bxtw>,Simon BÈgin <67952005.bxtw>
Communication et sensibilisation,Securite,Polypropylene flexible,20 x 28,Ne circulez pas dans les boucles d'autobus,3,8,S/O,S/O,Actif,,Message d'actualite,12-03-2026,03-15-2026 10:33 PM,03-15-2026 10:33 PM,413,Simon BÈgin <67952005.bxtw>,Simon BÈgin <67952005.bxtw>
Communication et sensibilisation,Securite,Polypropylene flexible,20 x 28,Ne courez jamais apres l'autobus,5,11,S/O,S/O,Actif,,Message d'actualite,12-03-2026,03-15-2026 10:33 PM,03-15-2026 10:33 PM,414,Simon BÈgin <67952005.bxtw>,Simon BÈgin <67952005.bxtw>
Communication et sensibilisation,Securite,Polypropylene flexible,20 x 28,Ne traversez pas devant un autobus,5,8,S/O,S/O,Actif,,Message d'actualite,12-03-2026,03-15-2026 10:33 PM,03-15-2026 10:33 PM,415,Simon BÈgin <67952005.bxtw>,Simon BÈgin <67952005.bxtw>
Communication et sensibilisation,Securite,Polypropylene flexible,26 x 20,Votre vie est precieuse,43,51,S/O,S/O,Actif,,Message d'actualite,12-03-2026,03-15-2026 10:33 PM,03-15-2026 10:33 PM,416,Simon BÈgin <67952005.bxtw>,Simon BÈgin <67952005.bxtw>
Communication et sensibilisation,Securite,Polypropylene flexible,"24,25 x 18",Votre vie est precieuse,40,32,S/O,S/O,Actif,,Message d'actualite,12-03-2026,03-15-2026 10:33 PM,03-15-2026 10:33 PM,417,Simon BÈgin <67952005.bxtw>,Simon BÈgin <67952005.bxtw>
Communication et sensibilisation,Securite,Polypropylene flexible,20 x 28,"Pour votre securite, ne depassez pas la ligne jaune",0,2,S/O,S/O,Actif,,Message d'actualite,12-03-2026,03-15-2026 10:33 PM,03-15-2026 10:33 PM,418,Simon BÈgin <67952005.bxtw>,Simon BÈgin <67952005.bxtw>
Communication et sensibilisation,Securite,Polypropylene flexible,20 x 28,"Pour votre securite, ne depassez pas la ligne jaune  (web sous texte)",9,6,S/O,S/O,Actif,,Message d'actualite,12-03-2026,03-15-2026 10:33 PM,03-15-2026 10:33 PM,419,Simon BÈgin <67952005.bxtw>,Simon BÈgin <67952005.bxtw>
Communication et sensibilisation,Securite,Polypropylene flexible,20 x 28,"Pour votre securite, ne depassez pas la ligne jaune (web sous logo)",18,0,S/O,S/O,Actif,,Message d'actualite,12-03-2026,03-15-2026 10:33 PM,03-15-2026 10:33 PM,420,Simon BÈgin <67952005.bxtw>,Simon BÈgin <67952005.bxtw>
Communication et sensibilisation,Securite,Polypropylene flexible,20 x 28,"Sur le quai, enlevez vos ecouteurs",33,19,S/O,S/O,Actif,,Message d'actualite,12-03-2026,03-15-2026 10:33 PM,03-15-2026 10:33 PM,421,Simon BÈgin <67952005.bxtw>,Simon BÈgin <67952005.bxtw>
Communication et sensibilisation,Securite,Polypropylene flexible,20 x 28,"Sur le quai, rangez votre cellulaire",26,31,S/O,S/O,Actif,,Message d'actualite,12-03-2026,03-15-2026 10:33 PM,03-15-2026 10:33 PM,422,Simon BÈgin <67952005.bxtw>,Simon BÈgin <67952005.bxtw>
Communication et sensibilisation,Securite,Polypropylene flexible,20 x 28,Soyez prudents - bleu (20 x 28),31,0,S/O,S/O,Actif,,Message d'actualite,12-03-2026,03-15-2026 10:33 PM,03-15-2026 10:33 PM,423,Simon BÈgin <67952005.bxtw>,Simon BÈgin <67952005.bxtw>
Communication et sensibilisation,Securite,Polypropylene flexible,20 x 28,Soyez prudents - jaune (20 x 28),31,0,S/O,S/O,Actif,,Message d'actualite,12-03-2026,03-15-2026 10:33 PM,03-15-2026 10:33 PM,424,Simon BÈgin <67952005.bxtw>,Simon BÈgin <67952005.bxtw>
Habillage,VAL - Habillage Exo,Autocollant,,"VAL - Pas de Visa, MasterCard, Interac",5,110,01-10-2025,S/O,Actif,,A conserver pour prochain besoin,12-03-2026,03-15-2026 10:33 PM,03-15-2026 10:33 PM,425,Simon BÈgin <67952005.bxtw>,Simon BÈgin <67952005.bxtw>
Affichage informationnel,Velo-Station,Polypropylene flexible,20 x 24,Pour bien profiter de la Velo-Station,27,0,S/O,S/O,Inactif,,A conserver pour prochain besoin,12-03-2026,03-15-2026 10:33 PM,03-15-2026 10:33 PM,426,Simon BÈgin <67952005.bxtw>,Simon BÈgin <67952005.bxtw>
Affichage informationnel,Velo-Station,Polypropylene flexible,20 x 28,Velo-Station - directives d'installation,11,8,S/O,S/O,Inactif,,√Ä conserver pour prochain besoin,12-03-2026,03-15-2026 10:33 PM,03-15-2026 10:33 PM,427,Simon BÈgin <67952005.bxtw>,Simon BÈgin <67952005.bxtw>
Affichage informationnel,Plan metropolitain,Polypropylene flexible,20 x 28,Plan metropolitain,30,239,S/O,S/O,Actif,,Message d'actualite,12-03-2026,03-15-2026 10:33 PM,03-15-2026 10:33 PM,428,Simon BÈgin <67952005.bxtw>,Simon BÈgin <67952005.bxtw>
Communication et sensibilisation,Civisme,Polypropylene flexible,20 x 28,Avis a la courtoisie - Respect du personnel des PDVS,0,8,01-02-2026,01-04-2026,Actif,,Message p√©renne - Affiche Filler,12-03-2026,03-28-2026 11:20 AM,03-28-2026 11:21 AM,429,Simon BÈgin <67952005.bxtw>,Simon BÈgin <67952005.bxtw>
