#  Voiture,Statut de la voiture,Support ID,Date Created,Date Modified,Record ID#,Record Owner,Last Modified By
2000,Inactif,"2000-1, 2000-5, 2000-6",12-07-2025 01:08 PM,12-07-2025 01:58 PM,10,Simon Bégin <67952005.bxtw>,Simon Bégin <67952005.bxtw>
2001,Inactif,"2001-1, 2001-5, 2001-6",12-07-2025 01:08 PM,12-07-2025 02:00 PM,11,Simon Bégin <67952005.bxtw>,Simon Bégin <67952005.bxtw>
2002,Inactif,"2002-1, 2002-5, 2002-6",12-07-2025 01:08 PM,12-07-2025 02:00 PM,12,Simon Bégin <67952005.bxtw>,Simon Bégin <67952005.bxtw>
2003,Inactif,"2003-1, 2003-5, 2003-6",12-07-2025 01:08 PM,12-07-2025 02:00 PM,13,Simon Bégin <67952005.bxtw>,Simon Bégin <67952005.bxtw>
2020,Inactif,"2020-1, 2020-2, 2020-5, 2020-6",12-07-2025 01:08 PM,12-07-2025 02:00 PM,14,Simon Bégin <67952005.bxtw>,Simon Bégin <67952005.bxtw>
2021,Inactif,"2021-1, 2021-2, 2021-5, 2021-6",12-07-2025 01:08 PM,12-07-2025 02:00 PM,15,Simon Bégin <67952005.bxtw>,Simon Bégin <67952005.bxtw>
2022,Inactif,"2022-1, 2022-2, 2022-5, 2022-6",12-07-2025 01:08 PM,12-07-2025 02:00 PM,16,Simon Bégin <67952005.bxtw>,Simon Bégin <67952005.bxtw>
2023,Inactif,"2023-1, 2023-2, 2023-5, 2023-6",12-07-2025 01:08 PM,12-07-2025 02:00 PM,17,Simon Bégin <67952005.bxtw>,Simon Bégin <67952005.bxtw>
2024,Inactif,"2024-1, 2024-2, 2024-5, 2024-6",12-07-2025 01:08 PM,12-07-2025 02:00 PM,18,Simon Bégin <67952005.bxtw>,Simon Bégin <67952005.bxtw>
2025,Inactif,"2025-1, 2025-2, 2025-5, 2025-6",12-07-2025 01:08 PM,12-07-2025 02:00 PM,19,Simon Bégin <67952005.bxtw>,Simon Bégin <67952005.bxtw>
2026,Inactif,"2026-1, 2026-2, 2026-5, 2026-6",12-07-2025 01:08 PM,12-07-2025 02:00 PM,20,Simon Bégin <67952005.bxtw>,Simon Bégin <67952005.bxtw>
2027,Inactif,"2027-1, 2027-2, 2027-5, 2027-6",12-07-2025 01:08 PM,12-07-2025 02:00 PM,21,Simon Bégin <67952005.bxtw>,Simon Bégin <67952005.bxtw>
2028,Inactif,"2028-1, 2028-2, 2028-5, 2028-6",12-07-2025 01:08 PM,12-07-2025 02:00 PM,22,Simon Bégin <67952005.bxtw>,Simon Bégin <67952005.bxtw>
2029,Inactif,"2029-1, 2029-2, 2029-5, 2029-6",12-07-2025 01:08 PM,12-07-2025 02:00 PM,23,Simon Bégin <67952005.bxtw>,Simon Bégin <67952005.bxtw>
2030,Inactif,"2030-1, 2030-2, 2030-5, 2030-6",12-07-2025 01:08 PM,12-07-2025 02:00 PM,24,Simon Bégin <67952005.bxtw>,Simon Bégin <67952005.bxtw>
2031,Inactif,"2031-1, 2031-2, 2031-5, 2031-6",12-07-2025 01:08 PM,12-07-2025 02:00 PM,25,Simon Bégin <67952005.bxtw>,Simon Bégin <67952005.bxtw>
2032,Inactif,"2032-1, 2032-2, 2032-5, 2032-6",12-07-2025 01:08 PM,12-07-2025 02:00 PM,26,Simon Bégin <67952005.bxtw>,Simon Bégin <67952005.bxtw>
2033,Inactif,"2033-1, 2033-2, 2033-5, 2033-6",12-07-2025 01:08 PM,12-07-2025 02:00 PM,27,Simon Bégin <67952005.bxtw>,Simon Bégin <67952005.bxtw>
2034,Inactif,"2034-1, 2034-2, 2034-5, 2034-6",12-07-2025 01:08 PM,12-07-2025 02:00 PM,28,Simon Bégin <67952005.bxtw>,Simon Bégin <67952005.bxtw>
2035,Inactif,"2035-1, 2035-2, 2035-5, 2035-6",12-07-2025 01:08 PM,12-07-2025 02:00 PM,29,Simon Bégin <67952005.bxtw>,Simon Bégin <67952005.bxtw>
2036,Inactif,"2036-1, 2036-2, 2036-5, 2036-6",12-07-2025 01:08 PM,12-07-2025 02:00 PM,30,Simon Bégin <67952005.bxtw>,Simon Bégin <67952005.bxtw>
2037,Inactif,"2037-1, 2037-2, 2037-5, 2037-6",12-07-2025 01:08 PM,12-07-2025 02:00 PM,31,Simon Bégin <67952005.bxtw>,Simon Bégin <67952005.bxtw>
3000,Actif,"3000-1, 3000-4, 3000-7, 3000-8",01-18-2026 01:51 PM,01-18-2026 01:51 PM,107,Simon Bégin <67952005.bxtw>,Simon Bégin <67952005.bxtw>
3001,Actif,"3001-1, 3001-1, 3001-7, 3001-8",01-18-2026 01:51 PM,01-18-2026 01:51 PM,108,Simon Bégin <67952005.bxtw>,Simon Bégin <67952005.bxtw>
3002,Actif,"3002-1, 3002-1, 3002-7, 3002-8",01-18-2026 01:51 PM,01-18-2026 01:51 PM,109,Simon Bégin <67952005.bxtw>,Simon Bégin <67952005.bxtw>
3003,Actif,"3003-1, 3003-1, 3003-7, 3003-8",01-18-2026 01:51 PM,01-18-2026 01:51 PM,110,Simon Bégin <67952005.bxtw>,Simon Bégin <67952005.bxtw>
3004,Actif,"3004-1, 3004-1, 3004-7, 3004-8",01-18-2026 01:51 PM,01-18-2026 01:51 PM,111,Simon Bégin <67952005.bxtw>,Simon Bégin <67952005.bxtw>
3005,Actif,"3005-1, 3005-1, 3005-7, 3005-8",01-18-2026 01:51 PM,01-18-2026 01:51 PM,112,Simon Bégin <67952005.bxtw>,Simon Bégin <67952005.bxtw>
3006,Actif,"3006-1, 3006-1, 3006-7, 3006-8",01-18-2026 01:51 PM,01-18-2026 01:51 PM,113,Simon Bégin <67952005.bxtw>,Simon Bégin <67952005.bxtw>
3008,Actif,"3008-1, 3008-1, 3008-7, 3008-8",01-18-2026 01:51 PM,01-18-2026 01:51 PM,114,Simon Bégin <67952005.bxtw>,Simon Bégin <67952005.bxtw>
3008,Actif,"3008-1, 3008-1, 3008-7, 3008-8",01-18-2026 01:51 PM,01-18-2026 01:51 PM,115,Simon Bégin <67952005.bxtw>,Simon Bégin <67952005.bxtw>
3009,Actif,"3009-1, 3009-1, 3009-7, 3009-8",01-18-2026 01:51 PM,01-18-2026 01:51 PM,116,Simon Bégin <67952005.bxtw>,Simon Bégin <67952005.bxtw>
3010,Actif,"3010-1, 3010-1, 3010-7, 3010-8",01-18-2026 01:51 PM,01-18-2026 01:51 PM,117,Simon Bégin <67952005.bxtw>,Simon Bégin <67952005.bxtw>
3011,Actif,"3011-1, 3011-1, 3011-7, 3011-8",01-18-2026 01:51 PM,01-18-2026 01:51 PM,118,Simon Bégin <67952005.bxtw>,Simon Bégin <67952005.bxtw>
3012,Actif,"3012-1, 3012-1, 3012-7, 3012-8",01-18-2026 01:51 PM,01-18-2026 01:51 PM,119,Simon Bégin <67952005.bxtw>,Simon Bégin <67952005.bxtw>
3013,Actif,"3013-1, 3013-1, 3013-7, 3013-8",01-18-2026 01:51 PM,01-18-2026 01:51 PM,120,Simon Bégin <67952005.bxtw>,Simon Bégin <67952005.bxtw>
3014,Actif,"3014-1, 3014-1, 3014-7, 3014-8",01-18-2026 01:51 PM,01-18-2026 01:51 PM,121,Simon Bégin <67952005.bxtw>,Simon Bégin <67952005.bxtw>
3015,Actif,"3015-1, 3015-1, 3015-7, 3015-8",01-18-2026 01:51 PM,01-18-2026 01:51 PM,122,Simon Bégin <67952005.bxtw>,Simon Bégin <67952005.bxtw>
3016,Actif,"3016-1, 3016-1, 3016-7, 3016-8",01-18-2026 01:51 PM,01-18-2026 01:51 PM,123,Simon Bégin <67952005.bxtw>,Simon Bégin <67952005.bxtw>
3017,Actif,"3017-1, 3017-1, 3017-7, 3017-8",01-18-2026 01:51 PM,01-18-2026 01:51 PM,124,Simon Bégin <67952005.bxtw>,Simon Bégin <67952005.bxtw>
3018,Actif,"3018-1, 3018-1, 3018-7, 3018-8",01-18-2026 01:51 PM,01-18-2026 01:51 PM,125,Simon Bégin <67952005.bxtw>,Simon Bégin <67952005.bxtw>
3019,Actif,"3019-1, 3019-1, 3019-7, 3019-8",01-18-2026 01:51 PM,01-18-2026 01:51 PM,126,Simon Bégin <67952005.bxtw>,Simon Bégin <67952005.bxtw>
3020,Actif,"3020-1, 3020-1, 3020-7, 3020-8",01-18-2026 01:51 PM,01-18-2026 01:51 PM,127,Simon Bégin <67952005.bxtw>,Simon Bégin <67952005.bxtw>
3021,Actif,"3021-1, 3021-1, 3021-7, 3021-8",01-18-2026 01:51 PM,01-18-2026 01:51 PM,128,Simon Bégin <67952005.bxtw>,Simon Bégin <67952005.bxtw>
3022,Actif,"3022-1, 3022-1, 3022-7, 3022-8",01-18-2026 01:51 PM,01-18-2026 01:51 PM,129,Simon Bégin <67952005.bxtw>,Simon Bégin <67952005.bxtw>
3023,Actif,"3023-1, 3023-1, 3023-7, 3023-8",01-18-2026 01:51 PM,01-18-2026 01:51 PM,130,Simon Bégin <67952005.bxtw>,Simon Bégin <67952005.bxtw>
3024,Actif,"3024-1, 3024-1, 3024-7, 3024-8",01-18-2026 01:51 PM,01-18-2026 01:51 PM,131,Simon Bégin <67952005.bxtw>,Simon Bégin <67952005.bxtw>
3025,Actif,"3025-1, 3025-1, 3025-7, 3025-8",01-18-2026 01:51 PM,01-18-2026 01:51 PM,132,Simon Bégin <67952005.bxtw>,Simon Bégin <67952005.bxtw>
3030,Actif,"3030-4, 3030-7, 3030-8, 3030-11",01-18-2026 01:51 PM,01-18-2026 01:51 PM,133,Simon Bégin <67952005.bxtw>,Simon Bégin <67952005.bxtw>
3031,Actif,"3031-4, 3031-7, 3031-8, 3031-11",01-18-2026 01:51 PM,01-18-2026 01:51 PM,134,Simon Bégin <67952005.bxtw>,Simon Bégin <67952005.bxtw>
3032,Actif,"3032-4, 3032-7, 3032-8, 3032-11",01-18-2026 01:51 PM,01-18-2026 01:51 PM,135,Simon Bégin <67952005.bxtw>,Simon Bégin <67952005.bxtw>
3033,Actif,"3033-4, 3033-7, 3033-8, 3033-11",01-18-2026 01:51 PM,01-18-2026 01:51 PM,136,Simon Bégin <67952005.bxtw>,Simon Bégin <67952005.bxtw>
3034,Actif,"3034-4, 3034-7, 3034-8, 3034-11",01-18-2026 01:51 PM,01-18-2026 01:51 PM,137,Simon Bégin <67952005.bxtw>,Simon Bégin <67952005.bxtw>
3035,Actif,"3035-4, 3035-7, 3035-8, 3035-11",01-18-2026 01:51 PM,01-18-2026 01:51 PM,138,Simon Bégin <67952005.bxtw>,Simon Bégin <67952005.bxtw>
3036,Actif,"3036-4, 3036-7, 3036-8, 3036-11",01-18-2026 01:51 PM,01-18-2026 01:51 PM,139,Simon Bégin <67952005.bxtw>,Simon Bégin <67952005.bxtw>
3037,Actif,"3037-4, 3037-7, 3037-8, 3037-11",01-18-2026 01:51 PM,01-18-2026 01:51 PM,140,Simon Bégin <67952005.bxtw>,Simon Bégin <67952005.bxtw>
3038,Actif,"3038-4, 3038-7, 3038-8, 3038-11",01-18-2026 01:51 PM,01-18-2026 01:51 PM,141,Simon Bégin <67952005.bxtw>,Simon Bégin <67952005.bxtw>
3039,Actif,"3039-4, 3039-7, 3039-8, 3039-11",01-18-2026 01:51 PM,01-18-2026 01:51 PM,142,Simon Bégin <67952005.bxtw>,Simon Bégin <67952005.bxtw>
3040,Actif,"3040-4, 3040-7, 3040-8, 3040-11",01-18-2026 01:51 PM,01-18-2026 01:51 PM,143,Simon Bégin <67952005.bxtw>,Simon Bégin <67952005.bxtw>
3041,Actif,"3041-4, 3041-7, 3041-8, 3041-11",01-18-2026 01:51 PM,01-18-2026 01:51 PM,144,Simon Bégin <67952005.bxtw>,Simon Bégin <67952005.bxtw>
3042,Actif,"3042-4, 3042-7, 3042-8, 3042-11",01-18-2026 01:51 PM,01-18-2026 01:51 PM,145,Simon Bégin <67952005.bxtw>,Simon Bégin <67952005.bxtw>
3043,Actif,"3043-4, 3043-7, 3043-8, 3043-11",01-18-2026 01:51 PM,01-18-2026 01:51 PM,146,Simon Bégin <67952005.bxtw>,Simon Bégin <67952005.bxtw>
3044,Actif,"3044-4, 3044-7, 3044-8, 3044-11",01-18-2026 01:51 PM,01-18-2026 01:51 PM,147,Simon Bégin <67952005.bxtw>,Simon Bégin <67952005.bxtw>
3045,Actif,"3045-4, 3045-7, 3045-8, 3045-11",01-18-2026 01:51 PM,01-18-2026 01:51 PM,148,Simon Bégin <67952005.bxtw>,Simon Bégin <67952005.bxtw>
3046,Actif,"3046-4, 3046-7, 3046-8, 3046-11",01-18-2026 01:51 PM,01-18-2026 01:51 PM,149,Simon Bégin <67952005.bxtw>,Simon Bégin <67952005.bxtw>
3047,Actif,"3047-4, 3047-7, 3047-8, 3047-11",01-18-2026 01:51 PM,01-18-2026 01:51 PM,150,Simon Bégin <67952005.bxtw>,Simon Bégin <67952005.bxtw>
3048,Actif,"3048-4, 3048-7, 3048-8, 3048-11",01-18-2026 01:51 PM,01-18-2026 01:51 PM,151,Simon Bégin <67952005.bxtw>,Simon Bégin <67952005.bxtw>
3049,Actif,"3049-4, 3049-7, 3049-8, 3049-11",01-18-2026 01:51 PM,01-18-2026 01:51 PM,152,Simon Bégin <67952005.bxtw>,Simon Bégin <67952005.bxtw>
3050,Actif,"3050-4, 3050-7, 3050-8, 3050-11",01-18-2026 01:51 PM,01-18-2026 01:51 PM,153,Simon Bégin <67952005.bxtw>,Simon Bégin <67952005.bxtw>
3051,Actif,"3051-4, 3051-7, 3051-8, 3051-11",01-18-2026 01:51 PM,01-18-2026 01:51 PM,154,Simon Bégin <67952005.bxtw>,Simon Bégin <67952005.bxtw>
3052,Actif,"3052-4, 3052-7, 3052-8, 3052-11",01-18-2026 01:51 PM,01-18-2026 01:51 PM,155,Simon Bégin <67952005.bxtw>,Simon Bégin <67952005.bxtw>
3053,Actif,"3053-4, 3053-7, 3053-8, 3053-11",01-18-2026 01:51 PM,01-18-2026 01:51 PM,156,Simon Bégin <67952005.bxtw>,Simon Bégin <67952005.bxtw>
3054,Actif,"3054-4, 3054-7, 3054-8, 3054-11",01-18-2026 01:51 PM,01-18-2026 01:51 PM,157,Simon Bégin <67952005.bxtw>,Simon Bégin <67952005.bxtw>
3055,Actif,"3055-4, 3055-7, 3055-8, 3055-11",01-18-2026 01:51 PM,01-18-2026 01:51 PM,158,Simon Bégin <67952005.bxtw>,Simon Bégin <67952005.bxtw>
3056,Actif,"3056-4, 3056-7, 3056-8, 3056-11",01-18-2026 01:51 PM,01-18-2026 01:51 PM,159,Simon Bégin <67952005.bxtw>,Simon Bégin <67952005.bxtw>
3057,Actif,"3057-4, 3057-7, 3057-8, 3057-11",01-18-2026 01:51 PM,01-18-2026 01:51 PM,160,Simon Bégin <67952005.bxtw>,Simon Bégin <67952005.bxtw>
3058,Actif,"3058-4, 3058-7, 3058-8, 3058-11",01-18-2026 01:51 PM,01-18-2026 01:51 PM,161,Simon Bégin <67952005.bxtw>,Simon Bégin <67952005.bxtw>
3059,Actif,"3059-4, 3059-7, 3059-8, 3059-11",01-18-2026 01:51 PM,01-18-2026 01:51 PM,162,Simon Bégin <67952005.bxtw>,Simon Bégin <67952005.bxtw>
3060,Actif,"3060-4, 3060-7, 3060-8, 3060-11",01-18-2026 01:51 PM,01-18-2026 01:51 PM,163,Simon Bégin <67952005.bxtw>,Simon Bégin <67952005.bxtw>
3061,Actif,"3061-4, 3061-7, 3061-8, 3061-11",01-18-2026 01:51 PM,01-18-2026 01:51 PM,164,Simon Bégin <67952005.bxtw>,Simon Bégin <67952005.bxtw>
3062,Inactif,"3062-4, 3062-7, 3062-8, 3062-11",01-18-2026 01:51 PM,02-28-2026 02:49 PM,165,Simon Bégin <67952005.bxtw>,Simon Bégin <67952005.bxtw>
3063,Actif,"3063-4, 3063-7, 3063-8, 3063-11",01-18-2026 01:51 PM,01-18-2026 01:51 PM,166,Simon Bégin <67952005.bxtw>,Simon Bégin <67952005.bxtw>
3064,Actif,"3064-4, 3064-7, 3064-8, 3064-11",01-18-2026 01:51 PM,01-18-2026 01:51 PM,167,Simon Bégin <67952005.bxtw>,Simon Bégin <67952005.bxtw>
3065,Actif,"3065-4, 3065-7, 3065-8, 3065-11",01-18-2026 01:51 PM,01-18-2026 01:51 PM,168,Simon Bégin <67952005.bxtw>,Simon Bégin <67952005.bxtw>
3066,Actif,"3066-4, 3066-7, 3066-8, 3066-11",01-18-2026 01:51 PM,01-18-2026 01:51 PM,169,Simon Bégin <67952005.bxtw>,Simon Bégin <67952005.bxtw>
3067,Actif,"3067-4, 3067-7, 3067-8, 3067-11",01-18-2026 01:51 PM,01-18-2026 01:51 PM,170,Simon Bégin <67952005.bxtw>,Simon Bégin <67952005.bxtw>
3068,Actif,"3068-4, 3068-7, 3068-8, 3068-11",01-18-2026 01:51 PM,01-18-2026 01:51 PM,171,Simon Bégin <67952005.bxtw>,Simon Bégin <67952005.bxtw>
3069,Actif,"3069-4, 3069-7, 3069-8, 3069-11",01-18-2026 01:51 PM,01-18-2026 01:51 PM,172,Simon Bégin <67952005.bxtw>,Simon Bégin <67952005.bxtw>
3070,Actif,"3070-4, 3070-7, 3070-8, 3070-11",01-18-2026 01:51 PM,01-18-2026 01:51 PM,173,Simon Bégin <67952005.bxtw>,Simon Bégin <67952005.bxtw>
3071,Actif,"3071-4, 3071-7, 3071-8, 3071-11",01-18-2026 01:51 PM,01-18-2026 01:51 PM,174,Simon Bégin <67952005.bxtw>,Simon Bégin <67952005.bxtw>
3072,Actif,"3072-4, 3072-7, 3072-8, 3072-11",01-18-2026 01:51 PM,01-18-2026 01:51 PM,175,Simon Bégin <67952005.bxtw>,Simon Bégin <67952005.bxtw>
3073,Actif,"3073-4, 3073-7, 3073-8, 3073-11",01-18-2026 01:51 PM,01-18-2026 01:51 PM,176,Simon Bégin <67952005.bxtw>,Simon Bégin <67952005.bxtw>
3074,Actif,"3074-4, 3074-7, 3074-8, 3074-11",01-18-2026 01:51 PM,01-18-2026 01:51 PM,177,Simon Bégin <67952005.bxtw>,Simon Bégin <67952005.bxtw>
3075,Actif,"3075-4, 3075-7, 3075-8, 3075-11",01-18-2026 01:51 PM,01-18-2026 01:51 PM,178,Simon Bégin <67952005.bxtw>,Simon Bégin <67952005.bxtw>
3076,Actif,"3076-4, 3076-7, 3076-8, 3076-11",01-18-2026 01:51 PM,01-18-2026 01:51 PM,179,Simon Bégin <67952005.bxtw>,Simon Bégin <67952005.bxtw>
3077,Actif,"3077-4, 3077-7, 3077-8, 3077-11",01-18-2026 01:51 PM,01-18-2026 01:51 PM,180,Simon Bégin <67952005.bxtw>,Simon Bégin <67952005.bxtw>
3078,Actif,"3078-4, 3078-7, 3078-8, 3078-11",01-18-2026 01:51 PM,01-18-2026 01:51 PM,181,Simon Bégin <67952005.bxtw>,Simon Bégin <67952005.bxtw>
3079,Actif,"3079-4, 3079-7, 3079-8, 3079-11",01-18-2026 01:51 PM,01-18-2026 01:51 PM,182,Simon Bégin <67952005.bxtw>,Simon Bégin <67952005.bxtw>
3080,Actif,"3080-4, 3080-7, 3080-8, 3080-11",01-18-2026 01:51 PM,01-18-2026 01:51 PM,183,Simon Bégin <67952005.bxtw>,Simon Bégin <67952005.bxtw>
3081,Actif,"3081-4, 3081-7, 3081-8, 3081-11",01-18-2026 01:51 PM,01-18-2026 01:51 PM,184,Simon Bégin <67952005.bxtw>,Simon Bégin <67952005.bxtw>
3082,Actif,"3082-4, 3082-7, 3082-8, 3082-11",01-18-2026 01:51 PM,01-18-2026 01:51 PM,185,Simon Bégin <67952005.bxtw>,Simon Bégin <67952005.bxtw>
3083,Actif,"3083-4, 3083-7, 3083-8, 3083-11",01-18-2026 01:51 PM,01-18-2026 01:51 PM,186,Simon Bégin <67952005.bxtw>,Simon Bégin <67952005.bxtw>
3084,Actif,"3084-4, 3084-7, 3084-8, 3084-11",01-18-2026 01:51 PM,01-18-2026 01:51 PM,187,Simon Bégin <67952005.bxtw>,Simon Bégin <67952005.bxtw>
3085,Actif,"3085-4, 3085-7, 3085-8, 3085-11",01-18-2026 01:51 PM,01-18-2026 01:51 PM,188,Simon Bégin <67952005.bxtw>,Simon Bégin <67952005.bxtw>
3086,Actif,"3086-4, 3086-7, 3086-8, 3086-11",01-18-2026 01:51 PM,01-18-2026 01:51 PM,189,Simon Bégin <67952005.bxtw>,Simon Bégin <67952005.bxtw>
3087,Actif,"3087-4, 3087-7, 3087-8, 3087-11",01-18-2026 01:51 PM,01-18-2026 01:51 PM,190,Simon Bégin <67952005.bxtw>,Simon Bégin <67952005.bxtw>
3088,Actif,"3088-4, 3088-7, 3088-8, 3088-11",01-18-2026 01:51 PM,01-18-2026 01:51 PM,191,Simon Bégin <67952005.bxtw>,Simon Bégin <67952005.bxtw>
3089,Actif,"3089-4, 3089-7, 3089-8, 3089-11",01-18-2026 01:51 PM,01-18-2026 01:51 PM,192,Simon Bégin <67952005.bxtw>,Simon Bégin <67952005.bxtw>
3090,Actif,"3090-4, 3090-7, 3090-8, 3090-11",01-18-2026 01:51 PM,01-18-2026 01:51 PM,193,Simon Bégin <67952005.bxtw>,Simon Bégin <67952005.bxtw>
3091,Actif,"3091-4, 3091-7, 3091-8, 3091-11",01-18-2026 01:51 PM,01-18-2026 01:51 PM,194,Simon Bégin <67952005.bxtw>,Simon Bégin <67952005.bxtw>
3092,Actif,"3092-4, 3092-7, 3092-8, 3092-11",01-18-2026 01:51 PM,01-18-2026 01:51 PM,195,Simon Bégin <67952005.bxtw>,Simon Bégin <67952005.bxtw>
3093,Actif,"3093-4, 3093-7, 3093-8, 3093-11",01-18-2026 01:51 PM,01-18-2026 01:51 PM,196,Simon Bégin <67952005.bxtw>,Simon Bégin <67952005.bxtw>
3094,Actif,"3094-4, 3094-7, 3094-8, 3094-11",01-18-2026 01:51 PM,01-18-2026 01:51 PM,197,Simon Bégin <67952005.bxtw>,Simon Bégin <67952005.bxtw>
3095,Actif,"3095-4, 3095-7, 3095-8, 3095-11",01-18-2026 01:51 PM,01-18-2026 01:51 PM,198,Simon Bégin <67952005.bxtw>,Simon Bégin <67952005.bxtw>
3096,Actif,"3096-4, 3096-7, 3096-8, 3096-11",01-18-2026 01:51 PM,01-18-2026 01:51 PM,199,Simon Bégin <67952005.bxtw>,Simon Bégin <67952005.bxtw>
3097,Actif,"3097-4, 3097-7, 3097-8, 3097-11",01-18-2026 01:51 PM,01-18-2026 01:51 PM,200,Simon Bégin <67952005.bxtw>,Simon Bégin <67952005.bxtw>
3098,Actif,"3098-4, 3098-7, 3098-8, 3098-11",01-18-2026 01:51 PM,01-18-2026 01:51 PM,201,Simon Bégin <67952005.bxtw>,Simon Bégin <67952005.bxtw>
3099,Actif,"3099-4, 3099-7, 3099-8, 3099-11",01-18-2026 01:51 PM,01-18-2026 01:51 PM,202,Simon Bégin <67952005.bxtw>,Simon Bégin <67952005.bxtw>
3100,Actif,"3100-4, 3100-7, 3100-8, 3100-11",01-18-2026 01:51 PM,01-18-2026 01:51 PM,203,Simon Bégin <67952005.bxtw>,Simon Bégin <67952005.bxtw>
3101,Actif,"3101-4, 3101-7, 3101-8, 3101-11",01-18-2026 01:51 PM,01-18-2026 01:51 PM,204,Simon Bégin <67952005.bxtw>,Simon Bégin <67952005.bxtw>
3102,Actif,"3102-4, 3102-7, 3102-8, 3102-11",01-18-2026 01:51 PM,01-18-2026 01:51 PM,205,Simon Bégin <67952005.bxtw>,Simon Bégin <67952005.bxtw>
3103,Actif,"3103-4, 3103-7, 3103-8, 3103-11",01-18-2026 01:51 PM,01-18-2026 01:51 PM,206,Simon Bégin <67952005.bxtw>,Simon Bégin <67952005.bxtw>
3104,Actif,"3104-4, 3104-7, 3104-8, 3104-11",01-18-2026 01:51 PM,01-18-2026 01:51 PM,207,Simon Bégin <67952005.bxtw>,Simon Bégin <67952005.bxtw>
3105,Actif,"3105-4, 3105-7, 3105-8, 3105-11",01-18-2026 01:51 PM,01-18-2026 01:51 PM,208,Simon Bégin <67952005.bxtw>,Simon Bégin <67952005.bxtw>
3106,Actif,"3106-4, 3106-7, 3106-8, 3106-11",01-18-2026 01:51 PM,01-18-2026 01:51 PM,209,Simon Bégin <67952005.bxtw>,Simon Bégin <67952005.bxtw>
3107,Actif,"3107-4, 3107-7, 3107-8, 3107-11",01-18-2026 01:51 PM,01-18-2026 01:51 PM,210,Simon Bégin <67952005.bxtw>,Simon Bégin <67952005.bxtw>
3108,Actif,"3108-4, 3108-7, 3108-8, 3108-11",01-18-2026 01:51 PM,01-18-2026 01:51 PM,211,Simon Bégin <67952005.bxtw>,Simon Bégin <67952005.bxtw>
3109,Actif,"3109-4, 3109-7, 3109-8, 3109-11",01-18-2026 01:51 PM,01-18-2026 01:51 PM,212,Simon Bégin <67952005.bxtw>,Simon Bégin <67952005.bxtw>
3110,Actif,"3110-4, 3110-7, 3110-8, 3110-11",01-18-2026 01:51 PM,01-18-2026 01:51 PM,213,Simon Bégin <67952005.bxtw>,Simon Bégin <67952005.bxtw>
3111,Actif,"3111-4, 3111-7, 3111-8, 3111-11",01-18-2026 01:51 PM,01-18-2026 01:51 PM,214,Simon Bégin <67952005.bxtw>,Simon Bégin <67952005.bxtw>
3112,Actif,"3112-4, 3112-7, 3112-8, 3112-11",01-18-2026 01:51 PM,01-18-2026 01:51 PM,215,Simon Bégin <67952005.bxtw>,Simon Bégin <67952005.bxtw>
3113,Actif,"3113-4, 3113-7, 3113-8, 3113-11",01-18-2026 01:51 PM,01-18-2026 01:51 PM,216,Simon Bégin <67952005.bxtw>,Simon Bégin <67952005.bxtw>
3114,Actif,"3114-4, 3114-7, 3114-8, 3114-11",01-18-2026 01:51 PM,01-18-2026 01:51 PM,217,Simon Bégin <67952005.bxtw>,Simon Bégin <67952005.bxtw>
3115,Actif,"3115-4, 3115-7, 3115-8, 3115-11",01-18-2026 01:51 PM,01-18-2026 01:51 PM,218,Simon Bégin <67952005.bxtw>,Simon Bégin <67952005.bxtw>
3116,Actif,"3116-4, 3116-7, 3116-8, 3116-11",01-18-2026 01:51 PM,01-18-2026 01:51 PM,219,Simon Bégin <67952005.bxtw>,Simon Bégin <67952005.bxtw>
3117,Actif,"3117-4, 3117-7, 3117-8, 3117-11",01-18-2026 01:51 PM,01-18-2026 01:51 PM,220,Simon Bégin <67952005.bxtw>,Simon Bégin <67952005.bxtw>
3118,Actif,"3118-4, 3118-7, 3118-8, 3118-11",01-18-2026 01:51 PM,01-18-2026 01:51 PM,221,Simon Bégin <67952005.bxtw>,Simon Bégin <67952005.bxtw>
3119,Actif,"3119-4, 3119-7, 3119-8, 3119-11",01-18-2026 01:51 PM,01-18-2026 01:51 PM,222,Simon Bégin <67952005.bxtw>,Simon Bégin <67952005.bxtw>
3120,Actif,"3120-4, 3120-7, 3120-8, 3120-11",01-18-2026 01:51 PM,01-18-2026 01:51 PM,223,Simon Bégin <67952005.bxtw>,Simon Bégin <67952005.bxtw>
3121,Actif,"3121-4, 3121-7, 3121-8, 3121-11",01-18-2026 01:51 PM,01-18-2026 01:51 PM,224,Simon Bégin <67952005.bxtw>,Simon Bégin <67952005.bxtw>
3122,Actif,"3122-4, 3122-7, 3122-8, 3122-11",01-18-2026 01:51 PM,01-18-2026 01:51 PM,225,Simon Bégin <67952005.bxtw>,Simon Bégin <67952005.bxtw>
3123,Actif,"3123-4, 3123-7, 3123-8, 3123-11",01-18-2026 01:51 PM,01-18-2026 01:51 PM,226,Simon Bégin <67952005.bxtw>,Simon Bégin <67952005.bxtw>
3124,Actif,"3124-4, 3124-7, 3124-8, 3124-11",01-18-2026 01:51 PM,01-18-2026 01:51 PM,227,Simon Bégin <67952005.bxtw>,Simon Bégin <67952005.bxtw>
3125,Actif,"3125-4, 3125-7, 3125-8, 3125-11",01-18-2026 01:51 PM,01-18-2026 01:51 PM,228,Simon Bégin <67952005.bxtw>,Simon Bégin <67952005.bxtw>
3126,Actif,"3126-4, 3126-7, 3126-8, 3126-11",01-18-2026 01:51 PM,01-18-2026 01:51 PM,229,Simon Bégin <67952005.bxtw>,Simon Bégin <67952005.bxtw>
3127,Actif,"3127-4, 3127-7, 3127-8, 3127-11",01-18-2026 01:51 PM,01-18-2026 01:51 PM,230,Simon Bégin <67952005.bxtw>,Simon Bégin <67952005.bxtw>
3128,Actif,"3128-4, 3128-7, 3128-8, 3128-11",01-18-2026 01:51 PM,01-18-2026 01:51 PM,231,Simon Bégin <67952005.bxtw>,Simon Bégin <67952005.bxtw>
3129,Actif,"3129-4, 3129-7, 3129-8, 3129-11",01-18-2026 01:51 PM,01-18-2026 01:51 PM,232,Simon Bégin <67952005.bxtw>,Simon Bégin <67952005.bxtw>
3130,Actif,"3130-4, 3130-7, 3130-8, 3130-11",01-18-2026 01:51 PM,01-18-2026 01:51 PM,233,Simon Bégin <67952005.bxtw>,Simon Bégin <67952005.bxtw>
3131,Actif,"3131-4, 3131-7, 3131-8, 3131-11",01-18-2026 01:51 PM,01-18-2026 01:51 PM,234,Simon Bégin <67952005.bxtw>,Simon Bégin <67952005.bxtw>
3132,Actif,"3132-4, 3132-7, 3132-8, 3132-11",01-18-2026 01:51 PM,01-18-2026 01:51 PM,235,Simon Bégin <67952005.bxtw>,Simon Bégin <67952005.bxtw>
3133,Actif,"3133-4, 3133-7, 3133-8, 3133-11",01-18-2026 01:51 PM,01-18-2026 01:51 PM,236,Simon Bégin <67952005.bxtw>,Simon Bégin <67952005.bxtw>
3134,Actif,"3134-4, 3134-7, 3134-8, 3134-11",01-18-2026 01:51 PM,01-18-2026 01:51 PM,237,Simon Bégin <67952005.bxtw>,Simon Bégin <67952005.bxtw>
3135,Actif,"3135-4, 3135-7, 3135-8, 3135-11",01-18-2026 01:51 PM,01-18-2026 01:51 PM,238,Simon Bégin <67952005.bxtw>,Simon Bégin <67952005.bxtw>
3136,Actif,"3136-4, 3136-7, 3136-8, 3136-11",01-18-2026 01:51 PM,01-18-2026 01:51 PM,239,Simon Bégin <67952005.bxtw>,Simon Bégin <67952005.bxtw>
3137,Actif,"3137-4, 3137-7, 3137-8, 3137-11",01-18-2026 01:51 PM,01-18-2026 01:51 PM,240,Simon Bégin <67952005.bxtw>,Simon Bégin <67952005.bxtw>
3138,Actif,"3138-4, 3138-7, 3138-8, 3138-11",01-18-2026 01:51 PM,01-18-2026 01:51 PM,241,Simon Bégin <67952005.bxtw>,Simon Bégin <67952005.bxtw>
3139,Actif,"3139-4, 3139-7, 3139-8, 3139-11",01-18-2026 01:51 PM,01-18-2026 01:51 PM,242,Simon Bégin <67952005.bxtw>,Simon Bégin <67952005.bxtw>
3140,Actif,"3140-4, 3140-7, 3140-8, 3140-11",01-18-2026 01:51 PM,01-18-2026 01:51 PM,243,Simon Bégin <67952005.bxtw>,Simon Bégin <67952005.bxtw>
3141,Actif,"3141-4, 3141-7, 3141-8, 3141-11",01-18-2026 01:51 PM,01-18-2026 01:51 PM,244,Simon Bégin <67952005.bxtw>,Simon Bégin <67952005.bxtw>
3142,Actif,"3142-4, 3142-7, 3142-8, 3142-11",01-18-2026 01:51 PM,01-18-2026 01:51 PM,245,Simon Bégin <67952005.bxtw>,Simon Bégin <67952005.bxtw>
3143,Actif,"3143-4, 3143-7, 3143-8, 3143-11",01-18-2026 01:51 PM,01-18-2026 01:51 PM,246,Simon Bégin <67952005.bxtw>,Simon Bégin <67952005.bxtw>
3144,Actif,"3144-4, 3144-7, 3144-8, 3144-11",01-18-2026 01:51 PM,01-18-2026 01:51 PM,247,Simon Bégin <67952005.bxtw>,Simon Bégin <67952005.bxtw>
3145,Actif,"3145-4, 3145-7, 3145-8, 3145-11",01-18-2026 01:51 PM,01-18-2026 01:51 PM,248,Simon Bégin <67952005.bxtw>,Simon Bégin <67952005.bxtw>
3146,Actif,"3146-4, 3146-7, 3146-8, 3146-11",01-18-2026 01:51 PM,01-18-2026 01:51 PM,249,Simon Bégin <67952005.bxtw>,Simon Bégin <67952005.bxtw>
3147,Actif,"3147-4, 3147-7, 3147-8, 3147-11",01-18-2026 01:51 PM,01-18-2026 01:51 PM,250,Simon Bégin <67952005.bxtw>,Simon Bégin <67952005.bxtw>
3148,Actif,"3148-4, 3148-7, 3148-8, 3148-11",01-18-2026 01:51 PM,01-18-2026 01:51 PM,251,Simon Bégin <67952005.bxtw>,Simon Bégin <67952005.bxtw>
3149,Actif,"3149-4, 3149-7, 3149-8, 3149-11",01-18-2026 01:51 PM,01-18-2026 01:51 PM,252,Simon Bégin <67952005.bxtw>,Simon Bégin <67952005.bxtw>
3150,Actif,"3150-4, 3150-7, 3150-8, 3150-11",01-18-2026 01:51 PM,01-18-2026 01:51 PM,253,Simon Bégin <67952005.bxtw>,Simon Bégin <67952005.bxtw>
3151,Actif,"3151-4, 3151-7, 3151-8, 3151-11",01-18-2026 01:51 PM,01-18-2026 01:51 PM,254,Simon Bégin <67952005.bxtw>,Simon Bégin <67952005.bxtw>
3152,Actif,"3152-4, 3152-7, 3152-8, 3152-11",01-18-2026 01:51 PM,01-18-2026 01:51 PM,255,Simon Bégin <67952005.bxtw>,Simon Bégin <67952005.bxtw>
3153,Actif,"3153-4, 3153-7, 3153-8, 3153-11",01-18-2026 01:51 PM,01-18-2026 01:51 PM,256,Simon Bégin <67952005.bxtw>,Simon Bégin <67952005.bxtw>
3154,Actif,"3154-4, 3154-7, 3154-8, 3154-11",01-18-2026 01:51 PM,01-18-2026 01:51 PM,257,Simon Bégin <67952005.bxtw>,Simon Bégin <67952005.bxtw>
3155,Actif,"3155-4, 3155-7, 3155-8, 3155-11",01-18-2026 01:51 PM,01-18-2026 01:51 PM,258,Simon Bégin <67952005.bxtw>,Simon Bégin <67952005.bxtw>
3156,Actif,"3156-4, 3156-7, 3156-8, 3156-11",01-18-2026 01:51 PM,01-18-2026 01:51 PM,259,Simon Bégin <67952005.bxtw>,Simon Bégin <67952005.bxtw>
3157,Actif,"3157-4, 3157-7, 3157-8, 3157-11",01-18-2026 01:51 PM,01-18-2026 01:51 PM,260,Simon Bégin <67952005.bxtw>,Simon Bégin <67952005.bxtw>
3158,Actif,"3158-4, 3158-7, 3158-8, 3158-11",01-18-2026 01:51 PM,01-18-2026 01:51 PM,261,Simon Bégin <67952005.bxtw>,Simon Bégin <67952005.bxtw>
3159,Actif,"3159-4, 3159-7, 3159-8, 3159-11",01-18-2026 01:51 PM,01-18-2026 01:51 PM,262,Simon Bégin <67952005.bxtw>,Simon Bégin <67952005.bxtw>
3160,Actif,"3160-4, 3160-7, 3160-8, 3160-11",01-18-2026 01:51 PM,01-18-2026 01:51 PM,263,Simon Bégin <67952005.bxtw>,Simon Bégin <67952005.bxtw>
3161,Actif,"3161-4, 3161-7, 3161-8, 3161-11",01-18-2026 01:51 PM,01-18-2026 01:51 PM,264,Simon Bégin <67952005.bxtw>,Simon Bégin <67952005.bxtw>
3162,Actif,"3162-4, 3162-7, 3162-8, 3162-11",01-18-2026 01:51 PM,01-18-2026 01:51 PM,265,Simon Bégin <67952005.bxtw>,Simon Bégin <67952005.bxtw>
2050,Actif,"2050-3, 2050-6, 2050-9, 2050-11",01-18-2026 02:00 PM,01-18-2026 02:00 PM,266,Simon Bégin <67952005.bxtw>,Simon Bégin <67952005.bxtw>
2051,Actif,"2051-3, 2051-6, 2051-9, 2051-11",01-18-2026 02:00 PM,01-18-2026 02:00 PM,267,Simon Bégin <67952005.bxtw>,Simon Bégin <67952005.bxtw>
2052,Actif,"2052-3, 2052-6, 2052-9, 2052-11",01-18-2026 02:00 PM,01-18-2026 02:00 PM,268,Simon Bégin <67952005.bxtw>,Simon Bégin <67952005.bxtw>
2053,Actif,"2053-3, 2053-6, 2053-9, 2053-11",01-18-2026 02:00 PM,01-18-2026 02:00 PM,269,Simon Bégin <67952005.bxtw>,Simon Bégin <67952005.bxtw>
2054,Actif,"2054-3, 2054-6, 2054-9, 2054-11",01-18-2026 02:00 PM,01-18-2026 02:00 PM,270,Simon Bégin <67952005.bxtw>,Simon Bégin <67952005.bxtw>
2055,Actif,"2055-3, 2055-6, 2055-9, 2055-11",01-18-2026 02:00 PM,01-18-2026 02:00 PM,271,Simon Bégin <67952005.bxtw>,Simon Bégin <67952005.bxtw>
2056,Actif,"2056-3, 2056-6, 2056-9, 2056-11",01-18-2026 02:00 PM,01-18-2026 02:00 PM,272,Simon Bégin <67952005.bxtw>,Simon Bégin <67952005.bxtw>
2057,Actif,"2057-3, 2057-6, 2057-9, 2057-11",01-18-2026 02:00 PM,01-18-2026 02:00 PM,273,Simon Bégin <67952005.bxtw>,Simon Bégin <67952005.bxtw>
2100,Actif,"2100-3, 2100-6, 2100-9, 2100-11",01-18-2026 02:00 PM,01-18-2026 02:00 PM,274,Simon Bégin <67952005.bxtw>,Simon Bégin <67952005.bxtw>
2101,Actif,"2101-3, 2101-6, 2101-9, 2101-11",01-18-2026 02:00 PM,01-18-2026 02:00 PM,275,Simon Bégin <67952005.bxtw>,Simon Bégin <67952005.bxtw>
2102,Actif,"2102-3, 2102-6, 2102-9, 2102-11",01-18-2026 02:00 PM,01-18-2026 02:00 PM,276,Simon Bégin <67952005.bxtw>,Simon Bégin <67952005.bxtw>
2103,Actif,"2103-3, 2103-6, 2103-9, 2103-11",01-18-2026 02:00 PM,01-18-2026 02:00 PM,277,Simon Bégin <67952005.bxtw>,Simon Bégin <67952005.bxtw>
2104,Actif,"2104-3, 2104-6, 2104-9, 2104-11",01-18-2026 02:00 PM,01-18-2026 02:00 PM,278,Simon Bégin <67952005.bxtw>,Simon Bégin <67952005.bxtw>
2105,Actif,"2105-3, 2105-6, 2105-9, 2105-11",01-18-2026 02:00 PM,01-18-2026 02:00 PM,279,Simon Bégin <67952005.bxtw>,Simon Bégin <67952005.bxtw>
2106,Actif,"2106-3, 2106-6, 2106-9, 2106-11",01-18-2026 02:00 PM,01-18-2026 02:00 PM,280,Simon Bégin <67952005.bxtw>,Simon Bégin <67952005.bxtw>
2107,Actif,"2107-3, 2107-6, 2107-9, 2107-11",01-18-2026 02:00 PM,01-18-2026 02:00 PM,281,Simon Bégin <67952005.bxtw>,Simon Bégin <67952005.bxtw>
2108,Actif,"2108-3, 2108-6, 2108-9, 2108-11",01-18-2026 02:00 PM,01-18-2026 02:00 PM,282,Simon Bégin <67952005.bxtw>,Simon Bégin <67952005.bxtw>
2109,Actif,"2109-3, 2109-6, 2109-9, 2109-11",01-18-2026 02:00 PM,01-18-2026 02:00 PM,283,Simon Bégin <67952005.bxtw>,Simon Bégin <67952005.bxtw>
2110,Actif,"2110-3, 2110-6, 2110-9, 2110-11",01-18-2026 02:00 PM,01-18-2026 02:00 PM,284,Simon Bégin <67952005.bxtw>,Simon Bégin <67952005.bxtw>
2111,Actif,"2111-3, 2111-6, 2111-9, 2111-11",01-18-2026 02:00 PM,01-18-2026 02:00 PM,285,Simon Bégin <67952005.bxtw>,Simon Bégin <67952005.bxtw>
2112,Actif,"2112-3, 2112-6, 2112-9, 2112-11",01-18-2026 02:00 PM,01-18-2026 02:00 PM,286,Simon Bégin <67952005.bxtw>,Simon Bégin <67952005.bxtw>
2113,Actif,"2113-3, 2113-6, 2113-9, 2113-11",01-18-2026 02:00 PM,01-18-2026 02:00 PM,287,Simon Bégin <67952005.bxtw>,Simon Bégin <67952005.bxtw>
2114,Actif,"2114-3, 2114-6, 2114-9, 2114-11",01-18-2026 02:00 PM,01-18-2026 02:00 PM,288,Simon Bégin <67952005.bxtw>,Simon Bégin <67952005.bxtw>
2115,Actif,"2115-3, 2115-6, 2115-9, 2115-11",01-18-2026 02:00 PM,01-18-2026 02:00 PM,289,Simon Bégin <67952005.bxtw>,Simon Bégin <67952005.bxtw>
2116,Actif,"2116-3, 2116-6, 2116-9, 2116-11",01-18-2026 02:00 PM,01-18-2026 02:00 PM,290,Simon Bégin <67952005.bxtw>,Simon Bégin <67952005.bxtw>
2117,Actif,"2117-3, 2117-6, 2117-9, 2117-11",01-18-2026 02:00 PM,01-18-2026 02:00 PM,291,Simon Bégin <67952005.bxtw>,Simon Bégin <67952005.bxtw>
2118,Actif,"2118-3, 2118-6, 2118-9, 2118-11",01-18-2026 02:00 PM,01-18-2026 02:00 PM,292,Simon Bégin <67952005.bxtw>,Simon Bégin <67952005.bxtw>
2119,Actif,"2119-3, 2119-6, 2119-9, 2119-11",01-18-2026 02:00 PM,01-18-2026 02:00 PM,293,Simon Bégin <67952005.bxtw>,Simon Bégin <67952005.bxtw>
2120,Actif,"2120-3, 2120-6, 2120-9, 2120-11",01-18-2026 02:00 PM,01-18-2026 02:00 PM,294,Simon Bégin <67952005.bxtw>,Simon Bégin <67952005.bxtw>
2121,Actif,"2121-3, 2121-6, 2121-9, 2121-11",01-18-2026 02:00 PM,01-18-2026 02:00 PM,295,Simon Bégin <67952005.bxtw>,Simon Bégin <67952005.bxtw>
2122,Actif,"2122-3, 2122-6, 2122-9, 2122-11",01-18-2026 02:00 PM,01-18-2026 02:00 PM,296,Simon Bégin <67952005.bxtw>,Simon Bégin <67952005.bxtw>
2123,Actif,"2123-3, 2123-6, 2123-9, 2123-11",01-18-2026 02:00 PM,01-18-2026 02:00 PM,297,Simon Bégin <67952005.bxtw>,Simon Bégin <67952005.bxtw>
2124,Actif,"2124-3, 2124-6, 2124-9, 2124-11",01-18-2026 02:00 PM,01-18-2026 02:00 PM,298,Simon Bégin <67952005.bxtw>,Simon Bégin <67952005.bxtw>
2125,Actif,"2125-3, 2125-6, 2125-9, 2125-11",01-18-2026 02:00 PM,01-18-2026 02:00 PM,299,Simon Bégin <67952005.bxtw>,Simon Bégin <67952005.bxtw>
2126,Actif,"2126-3, 2126-6, 2126-9, 2126-11",01-18-2026 02:00 PM,01-18-2026 02:00 PM,300,Simon Bégin <67952005.bxtw>,Simon Bégin <67952005.bxtw>
2129,Actif,"2129-3, 2129-6, 2129-9, 2129-11",01-18-2026 02:00 PM,01-18-2026 02:00 PM,301,Simon Bégin <67952005.bxtw>,Simon Bégin <67952005.bxtw>
2133,Actif,"2133-3, 2133-6, 2133-9, 2133-11",01-18-2026 02:00 PM,01-18-2026 02:00 PM,302,Simon Bégin <67952005.bxtw>,Simon Bégin <67952005.bxtw>
2134,Actif,"2134-3, 2134-6, 2134-9, 2134-11",01-18-2026 02:00 PM,01-18-2026 02:00 PM,303,Simon Bégin <67952005.bxtw>,Simon Bégin <67952005.bxtw>
2135,Actif,"2135-3, 2135-6, 2135-9, 2135-11",01-18-2026 02:00 PM,01-18-2026 02:00 PM,304,Simon Bégin <67952005.bxtw>,Simon Bégin <67952005.bxtw>
2127,Actif,"2127-3, 2127-6, 2127-9, 2129-11",01-18-2026 02:01 PM,01-18-2026 02:01 PM,305,Simon Bégin <67952005.bxtw>,Simon Bégin <67952005.bxtw>
2128,Actif,"2128-3, 2128-6, 2128-9, 2128-11",01-18-2026 02:02 PM,01-18-2026 02:02 PM,306,Simon Bégin <67952005.bxtw>,Simon Bégin <67952005.bxtw>
2130,Actif,"2130-3, 2130-6, 2130-9, 2130-11",01-18-2026 02:03 PM,01-18-2026 02:03 PM,307,Simon Bégin <67952005.bxtw>,Simon Bégin <67952005.bxtw>
2131,Actif,"2131-3, 2131-6, 2131-9, 2131-11",01-18-2026 02:04 PM,01-18-2026 02:04 PM,308,Simon Bégin <67952005.bxtw>,Simon Bégin <67952005.bxtw>
2132,Actif,"2132-3, 2132-6, 2132-9, 2132-11",01-18-2026 02:04 PM,01-18-2026 02:04 PM,309,Simon Bégin <67952005.bxtw>,Simon Bégin <67952005.bxtw>
